1,41,"User: bilal logged in.","06/12/17 22:32:10"
2,37,"User: adil logged in.","06/12/17 22:33:50"
3,41,"User: bilal logged in.","06/12/17 22:41:05"
4,41,"User: bilal created user: lol","06/12/17 22:42:45"
5,41,"User: bilal logged in.","07/12/17 08:19:34"
6,41,"User: bilal updated all datamembers for userid: 30","07/12/17 08:20:06"
7,41,"User: bilal deleted userid: 46","07/12/17 08:20:36"
8,41,"User: bilal logged in.","07/12/17 08:24:40"
9,41,"User: bilal updated userid 24","07/12/17 08:24:50"
10,41,"User: bilal logged in.","07/12/17 12:09:10"
11,41,"User: bilal logged in.","07/12/17 12:14:05"
12,41,"User: bilal logged in.","07/12/17 12:18:39"
13,41,"User: bilal logged in.","07/12/17 16:55:48"
14,41,"User: bilal logged in.","07/12/17 17:15:56"
15,41,"User: bilal logged in.","07/12/17 17:16:41"
16,41,"User: bilal logged in.","07/12/17 17:18:10"
17,41,"User: bilal logged in.","07/12/17 17:54:33"
18,41,"User: bilal logged in.","07/12/17 17:56:01"
19,41,"User: bilal logged in.","07/12/17 17:58:54"
20,41,"User: bilal logged in.","07/12/17 18:00:53"
21,41,"User: bilal logged in.","07/12/17 18:20:05"
22,41,"User: bilal logged in.","07/12/17 18:21:06"
23,41,"User: bilal logged in.","07/12/17 18:22:36"
24,41,"User: bilal logged in.","07/12/17 18:30:36"
25,41,"User: bilal logged in.","07/12/17 18:39:12"
26,41,"User: bilal logged in.","07/12/17 18:40:09"
27,41,"User: bilal logged in.","07/12/17 18:40:44"
28,41,"User: bilal logged in.","07/12/17 18:42:16"
29,41,"User: bilal logged in.","07/12/17 18:44:41"
30,41,"User: bilal logged in.","07/12/17 18:45:14"
31,41,"User: bilal logged in.","07/12/17 19:21:11"
32,41,"User: bilal logged in.","07/12/17 19:22:28"
33,41,"User: bilal logged in.","07/12/17 19:39:46"
34,41,"User: bilal logged in.","07/12/17 19:41:26"
35,41,"User: bilal logged in.","07/12/17 19:43:13"
36,41,"User: bilal logged in.","07/12/17 19:43:59"
37,41,"User: bilal logged in.","07/12/17 19:45:08"
38,41,"User: bilal logged in.","07/12/17 19:46:02"
39,41,"User: bilal logged in.","07/12/17 19:48:10"
40,41,"User: bilal logged in.","07/12/17 19:49:04"
41,41,"User: bilal logged in.","07/12/17 19:50:37"
42,41,"User: bilal logged in.","07/12/17 19:51:38"
43,41,"User: bilal logged in.","07/12/17 19:52:44"
44,41,"User: bilal logged in.","07/12/17 19:54:11"
45,41,"User: bilal logged in.","07/12/17 20:02:14"
46,41,"User: bilal logged in.","07/12/17 20:03:27"
47,41,"User: bilal logged in.","07/12/17 20:05:47"
48,41,"User: bilal logged in.","07/12/17 20:08:45"
49,41,"User: bilal logged in.","07/12/17 20:10:25"
50,41,"User: bilal logged in.","07/12/17 20:12:43"
51,41,"User: bilal logged in.","07/12/17 20:17:00"
52,41,"User: bilal logged in.","07/12/17 20:17:52"
53,41,"User: bilal logged in.","07/12/17 20:18:42"
54,41,"User: bilal logged in.","07/12/17 20:19:25"
55,41,"User: bilal logged in.","07/12/17 20:20:38"
56,41,"User: bilal logged in.","07/12/17 20:28:14"
57,41,"User: bilal logged in.","07/12/17 20:31:57"
58,41,"User: bilal logged in.","07/12/17 20:33:34"
59,41,"User: bilal logged in.","07/12/17 20:35:34"
60,41,"User: bilal logged in.","07/12/17 20:39:21"
61,41,"User: bilal logged in.","07/12/17 20:40:03"
62,41,"User: bilal logged in.","07/12/17 20:42:19"
63,41,"User: bilal logged in.","07/12/17 20:46:58"
64,41,"User: bilal logged in.","07/12/17 20:49:21"
65,41,"User: bilal logged in.","07/12/17 20:50:09"
66,41,"User: bilal logged in.","07/12/17 20:50:37"
67,41,"User: bilal logged in.","07/12/17 20:52:35"
68,41,"User: bilal logged in.","07/12/17 21:15:27"
69,41,"User: bilal logged in.","07/12/17 21:17:51"
70,41,"User: bilal logged in.","07/12/17 21:18:36"
71,41,"User: bilal logged in.","07/12/17 21:19:51"
72,41,"User: bilal logged in.","07/12/17 21:22:02"
73,41,"User: bilal logged in.","07/12/17 21:32:05"
74,41,"User: bilal logged in.","07/12/17 21:32:19"
75,41,"User: bilal logged in.","07/12/17 21:33:37"
76,41,"User: bilal logged in.","07/12/17 21:35:37"
77,41,"User: bilal logged in.","07/12/17 21:36:14"
78,41,"User: bilal logged in.","07/12/17 21:46:55"
79,41,"User: bilal logged in.","07/12/17 21:50:00"
80,41,"User: bilal logged in.","07/12/17 22:06:34"
81,41,"User: bilal logged in.","07/12/17 22:07:14"
82,41,"User: bilal logged in.","08/12/17 08:35:14"
83,41,"User: bilal logged in.","08/12/17 09:33:25"
84,41,"User: bilal logged in.","08/12/17 09:44:18"
85,41,"User: bilal logged in.","08/12/17 09:46:31"
86,41,"User: bilal logged in.","08/12/17 09:51:05"
87,41,"User: bilal logged in.","08/12/17 10:08:01"
88,41,"User: bilal logged in.","08/12/17 10:10:57"
89,41,"User: bilal logged in.","08/12/17 10:12:13"
90,41,"User: bilal logged in.","08/12/17 10:12:47"
91,41,"User: bilal logged in.","08/12/17 10:14:16"
92,41,"User: bilal logged in.","08/12/17 10:16:25"
93,41,"User: bilal logged in.","08/12/17 10:17:33"
94,41,"User: bilal logged in.","08/12/17 10:19:26"
95,41,"User: bilal logged in.","08/12/17 10:20:49"
96,41,"User: bilal logged in.","08/12/17 10:26:23"
97,41,"User: bilal logged in.","08/12/17 10:28:02"
98,41,"User: bilal logged in.","08/12/17 10:29:38"
99,41,"User: bilal logged in.","08/12/17 10:31:29"
100,41,"User: bilal logged in.","08/12/17 10:32:16"
101,41,"User: bilal logged in.","08/12/17 10:33:05"
102,41,"User: bilal logged in.","08/12/17 10:34:23"
103,41,"User: bilal logged in.","08/12/17 10:35:52"
104,41,"User: bilal logged in.","08/12/17 10:36:49"
105,41,"User: bilal logged in.","08/12/17 10:38:57"
106,41,"User: bilal logged in.","08/12/17 10:44:23"
107,41,"User: bilal logged in.","08/12/17 10:47:15"
108,41,"User: bilal logged in.","08/12/17 10:48:46"
109,41,"User: bilal logged in.","08/12/17 10:56:01"
110,41,"User: bilal logged in.","08/12/17 10:57:40"
111,41,"User: bilal logged in.","08/12/17 11:03:04"
112,41,"User: bilal logged in.","08/12/17 11:08:28"
113,41,"User: bilal logged in.","08/12/17 11:09:02"
114,41,"User: bilal logged in.","08/12/17 11:12:46"
115,41,"User: bilal logged in.","08/12/17 11:17:57"
116,41,"User: bilal logged in.","08/12/17 11:20:11"
117,41,"User: bilal logged in.","08/12/17 11:32:47"
118,41,"User: bilal logged in.","08/12/17 11:33:28"
119,41,"User: bilal logged in.","08/12/17 11:37:43"
120,41,"User: bilal logged in.","08/12/17 11:39:34"
121,41,"User: bilal logged in.","08/12/17 11:48:45"
122,41,"User: bilal logged in.","08/12/17 11:49:51"
123,41,"User: bilal logged in.","08/12/17 11:50:56"
124,41,"User: bilal logged in.","08/12/17 12:16:22"
125,41,"User: bilal logged in.","08/12/17 12:17:18"
126,41,"User: bilal logged in.","08/12/17 12:18:08"
127,41,"User: bilal logged in.","08/12/17 12:22:06"
128,41,"User: bilal logged in.","08/12/17 12:23:39"
129,41,"User: bilal logged in.","08/12/17 12:37:06"
130,41,"User: bilal logged in.","08/12/17 12:37:40"
131,41,"User: bilal logged in.","08/12/17 12:47:01"
132,41,"User: bilal logged in.","08/12/17 12:50:19"
133,41,"User: bilal logged in.","08/12/17 12:52:28"
134,41,"User: bilal logged in.","08/12/17 13:08:11"
135,41,"User: bilal logged in.","09/12/17 12:11:52"
136,41,"User: bilal logged in.","09/12/17 12:38:27"
137,41,"User: bilal logged in.","09/12/17 12:50:10"
138,41,"User: bilal logged in.","09/12/17 13:16:01"
139,41,"User: bilal logged in.","09/12/17 13:16:50"
140,41,"User: bilal logged in.","09/12/17 13:17:58"
141,41,"User: bilal logged in.","09/12/17 13:18:53"
142,41,"User: bilal logged in.","09/12/17 13:20:58"
143,41,"User: bilal logged in.","09/12/17 13:30:25"
144,41,"User: bilal logged in.","09/12/17 13:33:44"
145,41,"User: bilal logged in.","09/12/17 13:39:40"
146,41,"User: bilal logged in.","09/12/17 14:04:40"
147,41,"User: bilal logged in.","09/12/17 14:05:14"
148,41,"User: bilal logged in.","09/12/17 14:09:42"
149,41,"User: bilal logged in.","09/12/17 14:14:06"
150,41,"User: bilal logged in.","09/12/17 14:15:58"
151,41,"User: bilal logged in.","09/12/17 14:19:24"
152,41,"User: bilal logged in.","09/12/17 14:28:04"
153,41,"User: bilal logged in.","09/12/17 14:33:59"
154,41,"User: bilal logged in.","09/12/17 14:38:28"
155,41,"User: bilal logged in.","09/12/17 14:39:58"
156,41,"User: bilal logged in.","09/12/17 14:45:05"
157,41,"User: bilal logged in.","09/12/17 15:10:21"
158,41,"User: bilal logged in.","09/12/17 15:11:09"
159,41,"User: bilal logged in.","09/12/17 15:14:25"
160,41,"User: bilal logged in.","09/12/17 15:14:59"
161,41,"User: bilal logged in.","09/12/17 15:28:49"
162,41,"User: bilal logged in.","09/12/17 15:31:08"
163,41,"User: bilal logged in.","09/12/17 15:33:55"
164,41,"User: bilal logged in.","09/12/17 15:36:40"
165,41,"User: bilal logged in.","09/12/17 15:57:52"
166,41,"User: bilal logged in.","09/12/17 15:58:47"
167,41,"User: bilal logged in.","09/12/17 16:01:03"
168,41,"User: bilal logged in.","09/12/17 16:03:43"
169,41,"User: bilal logged in.","09/12/17 16:04:19"
170,41,"User: bilal logged in.","09/12/17 16:07:09"
171,41,"User: bilal logged in.","09/12/17 16:43:21"
172,41,"User: bilal logged in.","09/12/17 16:46:24"
173,41,"User: bilal logged in.","09/12/17 16:47:47"
174,41,"User: bilal logged in.","09/12/17 16:49:12"
175,41,"User: bilal logged in.","09/12/17 16:50:41"
176,41,"User: bilal logged in.","09/12/17 17:10:41"
177,41,"User: bilal logged in.","09/12/17 17:11:54"
178,41,"User: bilal logged in.","09/12/17 17:21:12"
179,41,"User: bilal logged in.","09/12/17 17:25:21"
180,41,"User: bilal logged in.","09/12/17 18:08:57"
181,41,"User: bilal logged in.","09/12/17 18:16:56"
182,41,"User: bilal logged in.","09/12/17 18:21:18"
183,41,"User: bilal logged in.","09/12/17 18:29:16"
184,41,"User: bilal logged in.","09/12/17 18:38:09"
185,41,"User: bilal logged in.","09/12/17 18:39:24"
186,41,"User: bilal logged in.","09/12/17 18:42:24"
187,41,"User: bilal logged in.","09/12/17 18:44:15"
188,41,"User: bilal logged in.","09/12/17 18:45:42"
189,41,"User: bilal logged in.","09/12/17 18:48:09"
190,41,"User: bilal logged in.","09/12/17 18:52:55"
191,41,"User: bilal logged in.","09/12/17 18:55:01"
192,41,"User: bilal logged in.","09/12/17 18:56:29"
193,41,"User: bilal logged in.","09/12/17 18:57:50"
194,41,"User: bilal logged in.","09/12/17 19:25:37"
195,41,"User: bilal logged in.","09/12/17 19:29:10"
196,41,"User: bilal logged in.","09/12/17 19:32:30"
197,41,"User: bilal logged in.","09/12/17 19:34:23"
198,41,"User: bilal logged in.","09/12/17 19:38:34"
199,41,"User: bilal logged in.","09/12/17 19:50:39"
200,41,"User: bilal logged in.","09/12/17 19:52:03"
201,41,"User: bilal logged in.","09/12/17 19:55:37"
202,41,"User: bilal logged in.","09/12/17 19:56:35"
203,41,"User: bilal logged in.","09/12/17 19:57:35"
204,41,"User: bilal logged in.","09/12/17 19:59:04"
205,41,"User: bilal logged in.","09/12/17 20:00:04"
206,41,"User: bilal logged in.","09/12/17 20:00:50"
207,41,"User: bilal logged in.","09/12/17 20:03:21"
208,41,"User: bilal logged in.","09/12/17 20:03:48"
209,41,"User: bilal logged in.","09/12/17 20:10:33"
210,41,"User: bilal logged in.","09/12/17 20:15:41"
211,41,"User: bilal logged in.","09/12/17 20:16:13"
212,41,"User: bilal logged in.","09/12/17 20:17:22"
213,41,"User: bilal logged in.","09/12/17 20:22:04"
214,41,"User: bilal logged in.","09/12/17 20:26:21"
215,41,"User: bilal logged in.","09/12/17 20:30:57"
216,41,"User: bilal logged in.","09/12/17 20:33:02"
217,41,"User: bilal logged in.","09/12/17 20:34:17"
218,41,"User: bilal logged in.","09/12/17 20:38:37"
219,41,"User: bilal logged in.","09/12/17 20:39:45"
220,41,"User: bilal logged in.","09/12/17 20:40:39"
221,41,"User: bilal logged in.","09/12/17 20:46:25"
222,41,"User: bilal logged in.","09/12/17 20:50:26"
223,41,"User: bilal logged in.","09/12/17 20:55:42"
224,41,"User: bilal logged in.","09/12/17 20:57:16"
225,41,"User: bilal logged in.","09/12/17 20:59:27"
226,41,"User: bilal logged in.","09/12/17 21:01:15"
227,41,"User: bilal logged in.","09/12/17 21:07:05"
228,41,"User: bilal logged in.","09/12/17 21:10:38"
229,41,"User: bilal logged in.","09/12/17 21:12:48"
230,41,"User: bilal logged in.","09/12/17 21:13:31"
231,41,"User: bilal logged in.","09/12/17 21:14:58"
232,41,"User: bilal logged in.","09/12/17 21:17:07"
233,41,"User: bilal logged in.","09/12/17 21:18:17"
234,41,"User: bilal logged in.","09/12/17 21:22:28"
235,41,"User: bilal logged in.","09/12/17 21:23:27"
236,41,"User: bilal logged in.","09/12/17 21:24:51"
237,41,"User: bilal logged in.","09/12/17 21:26:30"
238,41,"User: bilal logged in.","09/12/17 21:27:26"
239,41,"User: bilal logged in.","09/12/17 21:53:43"
240,41,"User: bilal logged in.","09/12/17 21:54:06"
241,41,"User: bilal logged in.","09/12/17 21:58:11"
242,41,"User: bilal logged in.","09/12/17 22:10:25"
243,41,"User: bilal logged in.","09/12/17 22:11:25"
244,41,"User: bilal logged in.","09/12/17 22:12:36"
245,41,"User: bilal logged in.","09/12/17 22:13:53"
246,41,"User: bilal logged in.","09/12/17 22:15:14"
247,41,"User: bilal logged in.","09/12/17 22:16:17"
248,41,"User: bilal logged in.","09/12/17 22:19:42"
249,41,"User: bilal logged in.","09/12/17 22:22:21"
250,41,"User: bilal logged in.","09/12/17 22:23:57"
251,41,"User: bilal logged in.","09/12/17 22:30:21"
252,41,"User: bilal logged in.","09/12/17 22:33:45"
253,41,"User: bilal logged in.","09/12/17 22:37:22"
254,41,"User: bilal logged in.","09/12/17 22:38:07"
255,41,"User: bilal logged in.","09/12/17 22:39:20"
256,41,"User: bilal logged in.","09/12/17 22:40:37"
257,41,"User: bilal logged in.","09/12/17 22:41:38"
258,41,"User: bilal logged in.","09/12/17 22:50:20"
259,41,"User: bilal logged in.","09/12/17 22:51:46"
260,41,"User: bilal logged in.","09/12/17 22:52:33"
261,41,"User: bilal logged in.","09/12/17 22:53:12"
262,41,"User: bilal logged in.","09/12/17 22:54:26"
263,41,"User: bilal logged in.","09/12/17 22:57:49"
264,41,"User: bilal logged in.","09/12/17 22:59:26"
265,41,"User: bilal logged in.","09/12/17 23:00:50"
266,41,"User: bilal logged in.","09/12/17 23:01:34"
267,41,"User: bilal logged in.","09/12/17 23:08:42"
268,41,"User: bilal logged in.","09/12/17 23:09:39"
269,41,"User: bilal logged in.","09/12/17 23:11:33"
270,41,"User: bilal logged in.","09/12/17 23:12:24"
271,41,"User: bilal logged in.","09/12/17 23:13:42"
272,41,"User: bilal logged in.","09/12/17 23:14:30"
273,41,"User: bilal logged in.","09/12/17 23:16:19"
274,41,"User: bilal logged in.","09/12/17 23:17:20"
275,41,"User: bilal logged in.","09/12/17 23:17:34"
276,41,"User: bilal logged in.","10/12/17 11:03:55"
277,41,"User: bilal logged in.","10/12/17 11:04:42"
278,41,"User: bilal logged in.","10/12/17 11:08:29"
279,41,"User: bilal logged in.","10/12/17 11:09:55"
280,41,"User: bilal logged in.","10/12/17 11:10:25"
281,41,"User: bilal logged in.","10/12/17 11:13:13"
282,41,"User: bilal logged in.","10/12/17 11:18:01"
283,41,"User: bilal logged in.","10/12/17 11:19:19"
284,41,"User: bilal logged in.","10/12/17 11:22:06"
285,41,"User: bilal logged in.","10/12/17 11:24:26"
286,41,"User: bilal logged in.","10/12/17 11:26:25"
287,41,"User: bilal logged in.","10/12/17 11:29:46"
288,41,"User: bilal logged in.","10/12/17 11:30:22"
289,41,"User: bilal logged in.","10/12/17 11:32:06"
290,41,"User: bilal logged in.","10/12/17 11:32:56"
291,41,"User: bilal logged in.","10/12/17 11:34:57"
292,41,"User: bilal logged in.","10/12/17 11:43:02"
293,41,"User: bilal logged in.","10/12/17 11:46:23"
294,41,"User: bilal logged in.","10/12/17 11:48:10"
295,41,"User: bilal logged in.","10/12/17 11:57:16"
296,41,"User: bilal logged in.","10/12/17 12:29:26"
297,41,"User: bilal logged in.","10/12/17 12:32:40"
298,41,"User: bilal logged in.","10/12/17 12:34:49"
299,41,"User: bilal logged in.","10/12/17 12:43:47"
300,41,"User: bilal logged in.","10/12/17 12:46:09"
301,41,"User: bilal logged in.","10/12/17 13:13:14"
302,41,"User: bilal logged in.","10/12/17 13:14:38"
303,41,"User: bilal logged in.","10/12/17 13:23:21"
304,41,"User: bilal logged in.","10/12/17 13:50:19"
305,41,"User: bilal logged in.","10/12/17 13:50:28"
306,41,"User: bilal logged in.","10/12/17 15:46:19"
307,41,"User: bilal logged in.","10/12/17 15:56:43"
308,41,"User: bilal logged in.","10/12/17 15:57:56"
309,41,"User: bilal logged in.","10/12/17 16:02:36"
310,41,"User: bilal logged in.","10/12/17 16:12:12"
311,41,"User: bilal logged in.","10/12/17 16:14:45"
312,41,"User: bilal logged in.","10/12/17 16:18:43"
313,41,"User: bilal logged in.","10/12/17 16:19:45"
314,41,"User: bilal logged in.","10/12/17 16:46:31"
315,41,"User: bilal logged in.","10/12/17 16:52:07"
316,41,"User: bilal logged in.","10/12/17 16:58:57"
317,41,"User: bilal logged in.","10/12/17 17:11:58"
318,41,"User: bilal logged in.","10/12/17 17:13:27"
319,41,"User: bilal logged in.","10/12/17 17:14:03"
320,41,"User: bilal logged in.","10/12/17 17:50:25"
321,41,"User: bilal Added user: 22 to training 17","10/12/17 17:50:33"
322,41,"User: bilal Added user: 24 to training 17","10/12/17 17:50:36"
323,41,"User: bilal Added user: 25 to training 17","10/12/17 17:50:38"
324,41,"User: bilal removed user 25 from training 17","10/12/17 17:50:42"
325,41,"User: bilal removed user 24 from training 17","10/12/17 17:50:44"
326,41,"User: bilal removed user 22 from training 17","10/12/17 17:50:46"
327,41,"User: bilal created Training testLog","10/12/17 17:52:17"
328,41,"User: bilal deleted training 75","10/12/17 17:53:44"
329,41,"User: bilal Added user: 1 to training 16","10/12/17 17:57:35"
330,41,"User: bilal Added user: 23 to training 16","10/12/17 17:57:37"
331,41,"User: bilal removed user 28 from training 16","10/12/17 17:57:41"
332,41,"User: bilal removed user 23 from training 16","10/12/17 17:57:43"
333,41,"User: bilal created Training testTraining","10/12/17 18:00:23"
334,41,"User: bilal logged in.","10/12/17 18:04:53"
335,41,"User: bilal Added user: 1 to training 76","10/12/17 18:06:49"
336,41,"User: bilal logged in.","10/12/17 18:16:04"
337,41,"User: bilal logged in.","10/12/17 18:17:00"
338,41,"User: bilal logged in.","10/12/17 18:55:33"
339,41,"User: bilal created Training skraaaa","10/12/17 18:56:59"
340,41,"User: bilal logged in.","10/12/17 18:58:11"
341,41,"User: bilal logged in.","10/12/17 19:05:30"
342,41,"User: bilal logged in.","10/12/17 19:10:08"
343,41,"User: bilal deleted training 76","10/12/17 19:10:36"
344,41,"User: bilal logged in.","10/12/17 19:21:23"
345,41,"User: bilal logged in.","10/12/17 19:23:28"
346,41,"User: bilal created Training dontjudgjdme","10/12/17 19:24:07"
347,41,"User: bilal logged in.","10/12/17 19:25:37"
348,41,"User: bilal logged in.","10/12/17 19:51:26"
349,41,"User: bilal Added user: 23 to training 17","10/12/17 19:51:36"
350,41,"User: bilal logged in.","10/12/17 20:34:02"
351,41,"User: bilal logged in.","10/12/17 20:35:34"
352,41,"User: bilal logged in.","10/12/17 20:39:58"
353,41,"User: bilal logged in.","10/12/17 20:43:01"
354,41,"User: bilal logged in.","10/12/17 20:47:44"
355,41,"User: bilal logged in.","10/12/17 21:23:31"
356,41,"User: bilal logged in.","10/12/17 21:25:00"
357,41,"User: bilal created location  Rue mofushinederusses 6","10/12/17 21:25:54"
358,41,"User: bilal logged in.","10/12/17 21:27:13"
359,41,"User: bilal created location  Hallo dit is een test 55","10/12/17 21:27:37"
360,41,"User: bilal logged in.","10/12/17 21:28:39"
361,41,"User: bilal created location  dsfsdf 4","10/12/17 21:29:03"
362,41,"User: bilal logged in.","10/12/17 21:32:30"
363,41,"User: bilal created location  jaeiozjfipaeoz:f 7","10/12/17 21:32:45"
364,41,"User: bilal logged in.","10/12/17 21:42:44"
365,41,"User: bilal logged in.","10/12/17 21:43:22"
366,41,"User: bilal logged in.","10/12/17 21:44:07"
367,41,"User: bilal created location  oijoifjz 4","10/12/17 21:44:21"
368,41,"User: bilal logged in.","10/12/17 21:45:07"
369,41,"User: bilal created location  joij 4","10/12/17 21:45:19"
370,41,"User: bilal logged in.","10/12/17 21:46:46"
371,41,"User: bilal created location  zafzae 4","10/12/17 21:46:58"
372,41,"User: bilal logged in.","10/12/17 21:58:47"
373,41,"User: bilal logged in.","10/12/17 22:03:08"
374,41,"User: bilal logged in.","10/12/17 22:06:02"
375,41,"User: bilal logged in.","10/12/17 22:12:23"
376,41,"User: bilal logged in.","10/12/17 22:13:47"
377,41,"User: bilal logged in.","10/12/17 22:14:21"
378,41,"User: bilal logged in.","10/12/17 22:18:05"
379,41,"User: bilal logged in.","10/12/17 22:23:59"
380,41,"User: bilal logged in.","10/12/17 22:26:23"
381,41,"User: bilal logged in.","10/12/17 22:27:04"
382,41,"User: bilal logged in.","10/12/17 22:29:15"
383,41,"User: bilal logged in.","10/12/17 22:30:10"
384,41,"User: bilal logged in.","10/12/17 22:30:38"
385,41,"User: bilal logged in.","10/12/17 22:31:09"
386,41,"User: bilal logged in.","10/12/17 22:32:11"
387,41,"User: bilal logged in.","10/12/17 22:33:30"
388,41,"User: bilal logged in.","10/12/17 22:34:07"
389,41,"User: bilal logged in.","10/12/17 22:37:23"
390,41,"User: bilal logged in.","10/12/17 22:38:02"
391,41,"User: bilal logged in.","10/12/17 22:39:04"
392,41,"User: bilal logged in.","10/12/17 22:39:56"
393,41,"User: bilal logged in.","10/12/17 22:41:13"
394,41,"User: bilal logged in.","10/12/17 22:47:53"
395,41,"User: bilal logged in.","10/12/17 22:48:29"
396,41,"User: bilal logged in.","10/12/17 22:53:12"
397,41,"User: bilal logged in.","10/12/17 22:58:04"
398,41,"User: bilal logged in.","10/12/17 23:00:15"
399,41,"User: bilal logged in.","10/12/17 23:02:24"
400,41,"User: bilal logged in.","10/12/17 23:13:06"
401,41,"User: bilal logged in.","10/12/17 23:15:53"
402,41,"User: bilal logged in.","10/12/17 23:23:24"
403,41,"User: bilal logged in.","10/12/17 23:33:25"
404,41,"User: bilal logged in.","10/12/17 23:34:43"
405,41,"User: bilal logged in.","10/12/17 23:50:12"
406,41,"User: bilal logged in.","11/12/17 00:02:10"
407,41,"User: bilal created Training hafoije","11/12/17 00:03:42"
408,41,"User: bilal logged in.","11/12/17 00:05:23"
409,41,"User: bilal logged in.","11/12/17 00:24:17"
410,41,"User: bilal logged in.","11/12/17 07:29:40"
411,41,"User: bilal Added user: 23 to training 16","11/12/17 07:29:57"
412,41,"User: bilal removed user 23 from training 16","11/12/17 07:30:12"
413,41,"User: bilal logged in.","11/12/17 07:58:05"
414,41,"User: bilal Added user: 23 to training 16","11/12/17 08:08:18"
415,41,"User: bilal removed user 23 from training 16","11/12/17 08:08:21"
416,41,"User: bilal Added user: 24 to training 16","11/12/17 08:08:23"
417,41,"User: bilal removed user 24 from training 16","11/12/17 08:08:25"
418,41,"User: bilal Added user: 24 to training 16","11/12/17 08:08:27"
419,41,"User: bilal removed user 24 from training 16","11/12/17 08:08:29"
420,41,"User: bilal added question hi my name is bilal to survey1","11/12/17 08:08:54"
421,41,"User: bilal deleted question dit is mohhhh","11/12/17 08:10:57"
422,41,"User: bilal updated question bilal is here","11/12/17 08:13:01"
423,41,"User: bilal created user Joran","11/12/17 08:13:57"
424,41,"User: bilal updated userid 47","11/12/17 08:14:16"
425,41,"User: bilal deleted userid 47","11/12/17 08:14:20"
426,41,"User: bilal created Training testLogs","11/12/17 08:17:07"
427,41,"User: bilal deleted training 80","11/12/17 08:17:41"
428,41,"User: bilal logged in.","11/12/17 08:24:52"
429,41,"User: bilaladded survey 16","11/12/17 08:25:25"
430,41,"User: bilal added question testLogquestion2 to survey16","11/12/17 08:25:33"
431,41,"User: bilal updated question hey","11/12/17 08:25:41"
432,41,"User: bilal deleted question hey","11/12/17 08:25:45"
433,41,"User: bilal Added user: 24 to training 17","11/12/17 08:26:52"
434,41,"User: bilal removed user 24 from training 17","11/12/17 08:26:54"
435,41,"User: bilal Added user: 24 to training 17","11/12/17 08:26:56"
436,41,"User: bilal created user Anakin","11/12/17 08:27:47"
439,41,"User: bilal logged in.","11/12/17 08:28:57"
440,41,"User: bilal updated userid 48","11/12/17 08:29:44"
441,41,"User: bilal updated userid 48","11/12/17 08:29:55"
442,41,"User: bilal logged in.","11/12/17 08:30:23"
443,41,"User: bilal logged in.","11/12/17 08:32:31"
444,41,"User: bilal created user john","11/12/17 08:32:55"
445,49,"User: john logged in.","11/12/17 08:34:10"
446,41,"User: bilal logged in.","11/12/17 09:34:03"
447,41,"User: bilal Added user: 29 to training 17","11/12/17 09:35:12"
448,41,"User: bilal removed user 24 from training 17","11/12/17 09:35:20"
449,41,"User: bilal removed user 29 from training 17","11/12/17 09:35:22"
450,41,"User: bilal added question newQuestion to survey16","11/12/17 09:37:37"
451,41,"User: bilal updated question yolo","11/12/17 09:37:46"
452,41,"User: bilal deleted question testLogs","11/12/17 09:37:50"
453,41,"User: bilal deleted question yolo","11/12/17 09:37:52"
454,41,"User: bilal logged in.","11/12/17 09:43:26"
455,41,"User: bilal logged in.","11/12/17 09:58:39"
456,41,"User: bilal logged in.","11/12/17 09:59:46"
457,41,"User: bilal logged in.","11/12/17 10:00:13"
458,41,"User: bilal logged in.","11/12/17 10:00:45"
459,41,"User: bilal logged in.","11/12/17 10:08:14"
460,41,"User: bilal logged in.","11/12/17 10:16:17"
461,41,"User: bilal logged in.","11/12/17 10:25:23"
462,41,"User: bilal logged in.","11/12/17 10:32:26"
463,41,"User: bilal logged in.","11/12/17 10:34:34"
464,41,"User: bilal logged in.","11/12/17 10:47:52"
465,41,"User: bilal logged in.","11/12/17 10:49:21"
466,41,"User: bilal logged in.","11/12/17 11:02:38"
467,41,"User: bilal logged in.","11/12/17 11:04:43"
468,41,"User: bilal logged in.","11/12/17 11:07:26"
469,41,"User: bilal logged in.","11/12/17 11:12:06"
470,41,"User: bilal logged in.","11/12/17 11:13:43"
471,41,"User: bilal logged in.","11/12/17 11:22:44"
472,41,"User: bilal logged in.","11/12/17 11:25:02"
473,41,"User: bilal logged in.","11/12/17 11:27:41"
474,41,"User: bilal logged in.","11/12/17 11:28:53"
475,41,"User: bilal logged in.","11/12/17 11:29:51"
476,41,"User: bilal logged in.","11/12/17 11:32:25"
477,41,"User: bilal logged in.","11/12/17 11:33:27"
478,41,"User: bilal logged in.","11/12/17 11:35:27"
479,41,"User: bilal created user tom","11/12/17 11:36:28"
480,50,"User: tom logged in.","11/12/17 11:36:48"
481,41,"User: bilal logged in.","11/12/17 11:38:09"
482,50,"User: tom logged in.","11/12/17 11:40:20"
483,41,"User: bilal logged in.","11/12/17 11:40:39"
484,50,"User: tom logged in.","11/12/17 11:40:54"
485,50,"User: tom logged in.","11/12/17 11:43:02"
486,41,"User: bilal logged in.","11/12/17 11:43:59"
487,41,"User: bilal logged in.","11/12/17 11:49:40"
488,41,"User: bilal logged in.","11/12/17 11:50:13"
489,41,"User: bilal logged in.","11/12/17 12:11:57"
490,41,"User: bilal Added user: 23 to training 16","11/12/17 12:12:15"
491,41,"User: bilal logged in.","11/12/17 12:14:58"
492,41,"User: bilal logged in.","11/12/17 12:15:00"
493,41,"User: bilal logged in.","11/12/17 12:15:49"
494,41,"User: bilal logged in.","11/12/17 12:17:29"
495,41,"User: bilal logged in.","11/12/17 12:18:33"
496,41,"User: bilal logged in.","11/12/17 12:20:57"
497,41,"User: bilal logged in.","11/12/17 12:24:39"
498,41,"User: bilal logged in.","11/12/17 12:25:16"
499,41,"User: bilal logged in.","11/12/17 13:35:15"
500,41,"User: bilal logged in.","11/12/17 13:56:35"
501,41,"User: bilal logged in.","11/12/17 15:37:21"
502,41,"User: bilal logged in.","11/12/17 15:38:28"
503,41,"User: bilal logged in.","11/12/17 16:08:54"
504,41,"User: bilal logged in.","11/12/17 16:10:24"
505,41,"User: bilal logged in.","11/12/17 16:11:15"
506,41,"User: bilal logged in.","11/12/17 16:13:45"
507,41,"User: bilal created Training testNewButtons","11/12/17 16:14:47"
508,41,"User: bilal logged in.","11/12/17 16:17:05"
509,50,"User: tom logged in.","11/12/17 16:17:15"
510,41,"User: bilal logged in.","11/12/17 16:19:43"
511,50,"User: tom logged in.","11/12/17 16:19:54"
512,41,"User: bilal logged in.","11/12/17 16:27:39"
513,41,"User: bilal logged in.","11/12/17 16:29:05"
514,41,"User: bilal logged in.","11/12/17 16:32:07"
515,41,"User: bilal logged in.","11/12/17 16:33:04"
516,41,"User: bilal logged in.","11/12/17 16:39:22"
517,41,"User: bilal logged in.","11/12/17 16:41:20"
518,41,"User: bilal logged in.","11/12/17 16:44:31"
519,41,"User: bilal logged in.","11/12/17 16:45:51"
520,41,"User: bilal logged in.","11/12/17 16:46:18"
521,41,"User: bilal logged in.","11/12/17 16:47:02"
522,41,"User: bilal logged in.","11/12/17 16:47:27"
523,41,"User: bilal logged in.","11/12/17 16:48:57"
524,41,"User: bilal logged in.","11/12/17 16:52:27"
525,41,"User: bilal logged in.","11/12/17 16:58:27"
526,41,"User: bilal logged in.","11/12/17 16:59:16"
527,41,"User: bilal logged in.","11/12/17 17:01:08"
528,41,"User: bilal logged in.","11/12/17 17:03:06"
529,41,"User: bilal logged in.","11/12/17 17:06:23"
530,41,"User: bilal logged in.","11/12/17 17:07:50"
531,41,"User: bilal logged in.","11/12/17 17:10:21"
532,41,"User: bilal logged in.","11/12/17 17:12:40"
533,41,"User: bilal logged in.","11/12/17 17:13:19"
534,41,"User: bilal created Training wiskunde","11/12/17 17:14:36"
535,41,"User: bilal created Training nederlands","11/12/17 17:15:32"
536,41,"User: bilal created Training PO","11/12/17 17:16:19"
537,41,"User: bilal created Training LO","11/12/17 17:17:27"
538,41,"User: bilal created Training LO","11/12/17 17:18:40"
539,41,"User: bilal created Training geschiedenis","11/12/17 17:19:54"
540,41,"User: bilal created Training aarderijkskunde","11/12/17 17:22:34"
541,41,"User: bilal created Training biologie","11/12/17 17:23:43"
542,41,"User: bilal created Training fysica","11/12/17 17:26:18"
543,41,"User: bilal created Training engels","11/12/17 17:27:07"
544,41,"User: bilal created Training Duits","11/12/17 17:27:42"
545,41,"User: bilal Added user: 1 to training 15","11/12/17 17:28:22"
546,41,"User: bilal Added user: 1 to training 22","11/12/17 17:28:26"
547,41,"User: bilal logged in.","11/12/17 17:29:20"
548,41,"User: bilal logged in.","11/12/17 17:30:20"
549,41,"User: bilal logged in.","11/12/17 17:33:38"
550,41,"User: bilal logged in.","11/12/17 17:35:07"
551,41,"User: bilal logged in.","11/12/17 17:36:32"
552,41,"User: bilal logged in.","11/12/17 17:37:18"
553,41,"User: bilal logged in.","11/12/17 17:39:08"
554,41,"User: bilal logged in.","11/12/17 17:40:36"
555,41,"User: bilal logged in.","11/12/17 17:42:17"
556,41,"User: bilal logged in.","11/12/17 17:43:32"
557,41,"User: bilal logged in.","11/12/17 17:47:46"
558,41,"User: bilal logged in.","11/12/17 17:56:59"
559,41,"User: bilal logged in.","11/12/17 18:00:27"
560,41,"User: bilal logged in.","11/12/17 18:01:34"
561,41,"User: bilal logged in.","11/12/17 18:05:30"
562,41,"User: bilal created Training test log","11/12/17 18:10:20"
563,41,"User: bilal deleted training 93","11/12/17 18:10:43"
564,41,"User: bilal logged in.","11/12/17 18:13:16"
565,41,"User: bilal logged in.","11/12/17 18:18:51"
566,41,"User: bilal logged in.","11/12/17 18:23:21"
567,41,"User: bilal logged in.","11/12/17 18:26:39"
568,41,"User: bilal logged in.","11/12/17 18:27:08"
569,41,"User: bilal logged in.","11/12/17 18:28:34"
570,41,"User: bilal logged in.","11/12/17 18:31:55"
571,41,"User: bilal logged in.","11/12/17 18:33:56"
572,41,"User: bilal logged in.","11/12/17 18:36:26"
573,41,"User: bilal logged in.","11/12/17 18:38:42"
574,41,"User: bilal logged in.","11/12/17 18:41:04"
575,41,"User: bilal logged in.","11/12/17 18:44:47"
576,41,"User: bilal logged in.","11/12/17 18:57:59"
577,41,"User: bilal logged in.","11/12/17 19:40:22"
578,41,"User: bilal created location  st 3","11/12/17 19:40:55"
579,41,"User: bilal logged in.","11/12/17 19:56:59"
580,41,"User: bilal logged in.","11/12/17 19:57:19"
581,41,"User: bilal deleted training 78","11/12/17 20:00:20"
582,41,"User: bilal logged in.","11/12/17 20:29:38"
583,41,"User: bilal created Training sdvwbfgn","11/12/17 20:30:16"
584,41,"User: bilal logged in.","11/12/17 20:31:36"
585,41,"User: bilal logged in.","11/12/17 20:37:18"
586,41,"User: bilal Added user: 24 to training 16","11/12/17 20:37:49"
587,41,"User: bilal logged in.","11/12/17 20:39:15"
588,41,"User: bilal logged in.","11/12/17 20:43:54"
589,41,"User: bilal created Training vgufqebhefzgr","11/12/17 20:45:16"
590,41,"User: bilal logged in.","11/12/17 20:53:48"
591,41,"User: bilal logged in.","11/12/17 20:55:40"
592,41,"User: bilal logged in.","11/12/17 21:03:39"
593,41,"User: bilal logged in.","11/12/17 21:05:03"
594,41,"User: bilal logged in.","11/12/17 21:14:51"
595,41,"User: bilal logged in.","11/12/17 21:16:27"
596,41,"User: bilal logged in.","11/12/17 21:22:10"
597,41,"User: bilal logged in.","11/12/17 21:28:21"
598,41,"User: bilal logged in.","11/12/17 21:30:16"
599,41,"User: bilal logged in.","11/12/17 21:38:49"
600,41,"User: bilal logged in.","11/12/17 21:52:16"
601,41,"User: bilal logged in.","11/12/17 21:55:30"
602,41,"User: bilal removed user 23 from training 16","11/12/17 21:55:57"
603,41,"User: bilal logged in.","11/12/17 21:56:38"
604,41,"User: bilal logged in.","11/12/17 22:01:12"
605,41,"User: bilal logged in.","11/12/17 22:03:40"
606,41,"User: bilal logged in.","11/12/17 22:04:29"
607,41,"User: bilal logged in.","11/12/17 22:12:40"
608,41,"User: bilal logged in.","11/12/17 22:18:46"
609,41,"User: bilal logged in.","11/12/17 22:25:59"
610,41,"User: bilal logged in.","11/12/17 22:26:41"
611,41,"User: bilal logged in.","11/12/17 22:28:47"
612,41,"User: bilal created Training ' or 1=1","11/12/17 22:31:46"
613,41,"User: bilal logged in.","11/12/17 22:35:01"
614,41,"User: bilal logged in.","12/12/17 01:29:30"
615,41,"User: bilal created Training wandelen","12/12/17 01:31:27"
616,41,"User: bilal Added user: 29 to training 15","12/12/17 01:32:18"
617,41,"User: bilal Added user: 26 to training 15","12/12/17 01:32:29"
618,41,"User: bilal Added user: 27 to training 15","12/12/17 01:32:32"
619,41,"User: bilal removed user 26 from training 15","12/12/17 01:32:38"
620,41,"User: bilal Added user: 28 to training 15","12/12/17 01:32:40"
621,41,"User: bilal removed user 28 from training 15","12/12/17 01:32:43"
622,41,"User: bilal removed user 29 from training 15","12/12/17 01:32:44"
623,41,"User: bilal Added user: 29 to training 15","12/12/17 01:32:47"
624,41,"User: bilal deleted userid 30","12/12/17 01:34:13"
625,41,"User: bilal updated userid 30","12/12/17 01:34:18"
626,41,"User: bilal deleted userid 49","12/12/17 01:34:31"
627,41,"User: bilal deleted userid 48","12/12/17 01:34:33"
628,41,"User: bilal created user jazeiofzapeif","12/12/17 01:35:48"
629,41,"User: bilal logged in.","12/12/17 01:37:09"
630,41,"User: bilaladded survey 16","12/12/17 01:37:19"
631,41,"User: bilal added question hey to survey16","12/12/17 01:37:25"
632,41,"User: bilal updated question jeaozijapif","12/12/17 01:37:30"
633,41,"User: bilal deleted question jeaozijapif","12/12/17 01:37:34"
634,41,"User: bilal logged in.","12/12/17 09:40:17"
635,41,"User: bilal logged in.","12/12/17 10:02:36"
636,41,"User: bilal logged in.","12/12/17 10:03:39"
637,41,"User: bilal logged in.","12/12/17 11:53:45"
638,41,"User: bilal logged in.","12/12/17 11:54:50"
639,41,"User: bilal logged in.","12/12/17 12:01:19"
640,41,"User: bilal logged in.","12/12/17 12:01:42"
641,41,"User: bilal logged in.","12/12/17 12:04:13"
642,41,"User: bilal logged in.","12/12/17 12:05:41"
643,41,"User: bilal logged in.","12/12/17 12:12:30"
644,41,"User: bilal logged in.","12/12/17 12:26:48"
645,41,"User: bilal logged in.","12/12/17 12:30:28"
646,41,"User: bilal logged in.","12/12/17 12:35:58"
647,41,"User: bilal logged in.","12/12/17 12:40:56"
648,41,"User: bilal logged in.","12/12/17 12:41:58"
649,41,"User: bilal logged in.","12/12/17 12:50:23"
650,41,"User: bilal logged in.","12/12/17 12:50:48"
651,41,"User: bilal logged in.","12/12/17 18:00:29"
652,41,"User: bilal logged in.","12/12/17 18:01:46"
653,41,"User: bilal logged in.","12/12/17 18:02:27"
654,41,"User: bilal logged in.","12/12/17 18:03:23"
655,41,"User: bilal logged in.","12/12/17 18:04:00"
656,41,"User: bilal logged in.","12/12/17 18:05:28"
657,41,"User: bilal logged in.","12/12/17 18:06:31"
658,41,"User: bilal deleted question bilal is here","12/12/17 18:07:31"
659,41,"User: bilal logged in.","12/12/17 18:11:04"
660,41,"User: bilal logged in.","12/12/17 18:16:28"
661,41,"User: bilal Added user: 24 to training 17","12/12/17 18:17:01"
662,41,"User: bilal logged in.","12/12/17 18:18:41"
663,41,"User: bilal logged in.","12/12/17 18:24:14"
664,41,"User: bilal logged in.","12/12/17 18:26:07"
665,41,"User: bilal logged in.","12/12/17 18:38:51"
666,41,"User: bilal logged in.","12/12/17 18:41:18"
667,41,"User: bilal logged in.","12/12/17 18:42:27"
668,41,"User: bilal logged in.","12/12/17 18:46:18"
669,41,"User: bilal logged in.","12/12/17 19:02:42"
670,41,"User: bilal logged in.","12/12/17 19:06:03"
671,41,"User: bilal logged in.","12/12/17 19:07:15"
672,41,"User: bilal logged in.","12/12/17 19:10:42"
673,41,"User: bilal logged in.","12/12/17 19:12:28"
674,41,"User: bilal logged in.","12/12/17 20:27:45"
675,41,"User: bilal created user CHAMAIEIYEREN","12/12/17 20:28:11"
681,53,"User: bilalsuperadmin logged in.","12/12/17 21:10:00"
682,53,"User: bilalsuperadmin logged in.","12/12/17 21:27:41"
683,53,"User: bilalsuperadmin logged in.","12/12/17 21:27:54"
684,53,"User: bilalsuperadmin logged in.","12/12/17 21:35:24"
685,53,"User: bilalsuperadmin created user seppesuperadmin","12/12/17 21:35:56"
686,54,"User: seppesuperadmin logged in.","12/12/17 21:36:15"
687,53,"User: bilalsuperadmin logged in.","12/12/17 21:43:04"
688,53,"User: bilalsuperadmin logged in.","12/12/17 21:54:47"
689,53,"User: bilalsuperadmin logged in.","12/12/17 22:01:02"
690,53,"User: bilalsuperadmin logged in.","12/12/17 22:04:31"
691,53,"User: bilalsuperadmin logged in.","12/12/17 22:07:12"
692,53,"User: bilalsuperadmin logged in.","12/12/17 22:08:05"
693,53,"User: bilalsuperadmin logged in.","12/12/17 22:10:45"
694,53,"User: bilalsuperadmin logged in.","12/12/17 22:12:27"
695,53,"User: bilalsuperadmin logged in.","12/12/17 22:13:44"
696,53,"User: bilalsuperadmin logged in.","12/12/17 22:15:44"
697,53,"User: bilalsuperadmin deleted question alz ou quoi","12/12/17 22:15:50"
698,53,"User: bilalsuperadmin logged in.","12/12/17 22:18:15"
699,53,"User: bilalsuperadmin created user 1","12/12/17 22:24:37"
700,53,"User: bilalsuperadmin logged in.","12/12/17 22:28:52"
701,53,"User: bilalsuperadmin logged in.","12/12/17 22:34:09"
702,53,"User: bilalsuperadmin logged in.","12/12/17 22:35:01"
703,53,"User: bilalsuperadmin logged in.","12/12/17 22:40:48"
704,53,"User: bilalsuperadmin logged in.","13/12/17 14:53:57"
705,32,"User: Seppe logged in.","14/12/17 14:09:54"
706,53,"User: bilalsuperadmin logged in.","14/12/17 23:28:21"
707,53,"User: bilalsuperadmin logged in.","15/12/17 12:14:47"
708,53,"User: bilalsuperadmin Added user: 23 to training 16","15/12/17 12:15:53"
709,53,"User: bilalsuperadmin removed user 24 from training 16","15/12/17 12:15:54"
710,53,"User: bilalsuperadmin logged in.","16/12/17 18:34:38"
711,53,"User: bilalsuperadmin logged in.","16/12/17 18:47:07"
712,53,"User: bilalsuperadmin logged in.","16/12/17 19:41:52"
713,53,"User: bilalsuperadmin logged in.","16/12/17 19:44:52"
714,53,"User: bilalsuperadmin logged in.","16/12/17 19:46:20"
715,53,"User: bilalsuperadmin logged in.","16/12/17 19:58:25"
716,53,"User: bilalsuperadmin logged in.","16/12/17 20:34:14"
717,53,"User: bilalsuperadmin logged in.","16/12/17 20:42:58"
718,53,"User: bilalsuperadmin logged in.","16/12/17 20:45:54"
719,53,"User: bilalsuperadmin logged in.","16/12/17 20:50:07"
720,53,"User: bilalsuperadmin logged in.","16/12/17 20:54:07"
721,53,"User: bilalsuperadmin logged in.","16/12/17 20:57:11"
722,53,"User: bilalsuperadmin logged in.","16/12/17 21:00:25"
723,53,"User: bilalsuperadmin logged in.","16/12/17 21:21:28"
724,53,"User: bilalsuperadmin logged in.","16/12/17 21:22:14"
725,53,"User: bilalsuperadmin logged in.","16/12/17 21:39:05"
726,53,"User: bilalsuperadmin logged in.","16/12/17 21:40:44"
727,53,"User: bilalsuperadmin logged in.","16/12/17 21:41:35"
728,53,"User: bilalsuperadmin logged in.","16/12/17 22:57:34"
729,53,"User: bilalsuperadmin logged in.","16/12/17 23:09:45"
730,53,"User: bilalsuperadmin logged in.","16/12/17 23:12:51"
731,53,"User: bilalsuperadmin logged in.","16/12/17 23:13:45"
732,53,"User: bilalsuperadmin logged in.","16/12/17 23:34:51"
733,53,"User: bilalsuperadmin logged in.","16/12/17 23:38:24"
734,53,"User: bilalsuperadmin logged in.","16/12/17 23:49:57"
735,53,"User: bilalsuperadmin logged in.","16/12/17 23:50:19"
736,53,"User: bilalsuperadmin logged in.","16/12/17 23:58:01"
737,53,"User: bilalsuperadmin logged in.","16/12/17 23:58:18"
738,53,"User: bilalsuperadmin logged in.","17/12/17 00:00:44"
739,53,"User: bilalsuperadmin logged in.","17/12/17 00:03:19"
740,53,"User: bilalsuperadmin logged in.","17/12/17 00:13:08"
741,53,"User: bilalsuperadmin logged in.","17/12/17 00:15:00"
742,53,"User: bilalsuperadmin logged in.","17/12/17 00:15:47"
743,53,"User: bilalsuperadmin logged in.","17/12/17 00:16:44"
744,53,"User: bilalsuperadmin logged in.","17/12/17 00:17:26"
745,53,"User: bilalsuperadmin logged in.","17/12/17 00:38:35"
746,53,"User: bilalsuperadmin logged in.","17/12/17 00:38:50"
747,53,"User: bilalsuperadmin logged in.","17/12/17 00:39:22"
748,53,"User: bilalsuperadmin logged in.","17/12/17 00:41:43"
749,53,"User: bilalsuperadmin logged in.","17/12/17 00:41:45"
750,53,"User: bilalsuperadmin logged in.","17/12/17 00:41:47"
751,53,"User: bilalsuperadmin logged in.","17/12/17 00:44:01"
752,53,"User: bilalsuperadmin logged in.","17/12/17 00:44:49"
753,53,"User: bilalsuperadmin logged in.","17/12/17 00:45:23"
754,53,"User: bilalsuperadmin logged in.","17/12/17 00:45:54"
755,53,"User: bilalsuperadmin logged in.","17/12/17 00:46:42"
756,53,"User: bilalsuperadmin logged in.","17/12/17 01:04:16"
757,53,"User: bilalsuperadmin logged in.","17/12/17 01:09:41"
758,53,"User: bilalsuperadmin logged in.","17/12/17 01:10:21"
759,53,"User: bilalsuperadmin logged in.","17/12/17 01:11:23"
760,53,"User: bilalsuperadmin logged in.","17/12/17 01:22:30"
761,53,"User: bilalsuperadmin logged in.","17/12/17 01:24:36"
762,53,"User: bilalsuperadmin logged in.","17/12/17 01:25:50"
763,53,"User: bilalsuperadmin logged in.","17/12/17 01:28:19"
764,53,"User: bilalsuperadmin logged in.","17/12/17 01:30:50"
765,53,"User: bilalsuperadmin logged in.","17/12/17 01:32:19"
766,53,"User: bilalsuperadmin logged in.","17/12/17 01:33:27"
767,53,"User: bilalsuperadmin logged in.","17/12/17 01:34:16"
768,53,"User: bilalsuperadmin logged in.","17/12/17 01:36:05"
769,53,"User: bilalsuperadmin logged in.","17/12/17 01:37:18"
770,53,"User: bilalsuperadmin logged in.","17/12/17 01:37:39"
771,53,"User: bilalsuperadmin logged in.","17/12/17 01:38:52"
772,53,"User: bilalsuperadmin logged in.","17/12/17 01:41:21"
773,53,"User: bilalsuperadmin logged in.","17/12/17 01:42:18"
774,53,"User: bilalsuperadmin logged in.","17/12/17 01:43:38"
775,53,"User: bilalsuperadmin logged in.","17/12/17 01:44:32"
776,53,"User: bilalsuperadmin logged in.","17/12/17 01:46:49"
777,53,"User: bilalsuperadmin logged in.","17/12/17 01:48:07"
778,53,"User: bilalsuperadmin logged in.","17/12/17 01:50:15"
779,53,"User: bilalsuperadmin logged in.","17/12/17 01:51:46"
780,53,"User: bilalsuperadmin logged in.","17/12/17 01:53:06"
781,53,"User: bilalsuperadmin logged in.","17/12/17 01:53:55"
782,53,"User: bilalsuperadmin logged in.","17/12/17 01:54:23"
783,53,"User: bilalsuperadmin logged in.","17/12/17 01:55:33"
784,53,"User: bilalsuperadmin logged in.","17/12/17 01:56:00"
785,53,"User: bilalsuperadmin logged in.","17/12/17 02:00:03"
786,53,"User: bilalsuperadmin logged in.","17/12/17 02:03:44"
787,53,"User: bilalsuperadmin logged in.","17/12/17 02:08:07"
788,53,"User: bilalsuperadmin logged in.","17/12/17 12:47:16"
789,53,"User: bilalsuperadmin logged in.","17/12/17 13:27:31"
790,53,"User: bilalsuperadmin logged in.","17/12/17 13:30:02"
791,53,"User: bilalsuperadmin logged in.","17/12/17 13:31:04"
792,53,"User: bilalsuperadmin logged in.","17/12/17 13:33:41"
793,53,"User: bilalsuperadmin logged in.","17/12/17 13:36:27"
794,53,"User: bilalsuperadmin logged in.","17/12/17 13:43:20"
795,53,"User: bilalsuperadmin logged in.","17/12/17 13:43:59"
796,53,"User: bilalsuperadmin logged in.","17/12/17 13:46:35"
797,53,"User: bilalsuperadmin logged in.","17/12/17 13:48:29"
798,53,"User: bilalsuperadmin logged in.","17/12/17 13:49:57"
799,53,"User: bilalsuperadmin logged in.","17/12/17 13:50:26"
800,53,"User: bilalsuperadmin logged in.","17/12/17 13:54:37"
801,53,"User: bilalsuperadmin logged in.","17/12/17 14:02:39"
802,53,"User: bilalsuperadmin Added user: 2 to training 17","17/12/17 14:02:51"
803,53,"User: bilalsuperadmin removed user 23 from training 17","17/12/17 14:02:53"
804,53,"User: bilalsuperadmin logged in.","17/12/17 14:06:57"
805,53,"User: bilalsuperadmin logged in.","17/12/17 14:29:50"
806,53,"User: bilalsuperadmin Added user: 27 to training 15","17/12/17 14:30:19"
807,53,"User: bilalsuperadmin logged in.","17/12/17 14:31:45"
808,53,"User: bilalsuperadmin logged in.","17/12/17 14:32:40"
809,53,"User: bilalsuperadmin logged in.","17/12/17 14:35:57"
810,53,"User: bilalsuperadmin logged in.","17/12/17 14:37:14"
811,53,"User: bilalsuperadmin logged in.","17/12/17 14:38:20"
812,53,"User: bilalsuperadmin logged in.","17/12/17 14:39:57"
813,53,"User: bilalsuperadmin logged in.","17/12/17 14:40:46"
814,53,"User: bilalsuperadmin logged in.","17/12/17 14:41:29"
815,53,"User: bilalsuperadmin logged in.","17/12/17 14:48:54"
816,53,"User: bilalsuperadmin logged in.","17/12/17 14:51:23"
817,53,"User: bilalsuperadmin logged in.","17/12/17 14:51:47"
818,53,"User: bilalsuperadmin logged in.","17/12/17 15:27:28"
819,53,"User: bilalsuperadmin logged in.","17/12/17 16:55:08"
820,53,"User: bilalsuperadmin logged in.","17/12/17 17:31:35"
821,53,"User: bilalsuperadmin logged in.","17/12/17 17:33:03"
822,53,"User: bilalsuperadmin updated Training 23","17/12/17 17:33:58"
823,53,"User: bilalsuperadmin logged in.","17/12/17 17:36:47"
824,53,"User: bilalsuperadmin updated Training 15","17/12/17 17:37:06"
825,53,"User: bilalsuperadmin updated Training 15","17/12/17 17:37:24"
826,53,"User: bilalsuperadmin logged in.","17/12/17 17:38:44"
827,53,"User: bilalsuperadmin logged in.","17/12/17 17:46:57"
828,53,"User: bilalsuperadmin logged in.","17/12/17 17:48:01"
829,53,"User: bilalsuperadmin updated Training 81","17/12/17 17:50:04"
830,53,"User: bilalsuperadmin logged in.","17/12/17 17:52:29"
831,53,"User: bilalsuperadmin updated Training 15","17/12/17 17:53:49"
832,53,"User: bilalsuperadmin updated Training 15","17/12/17 17:54:05"
833,53,"User: bilalsuperadmin updated Training 15","17/12/17 17:54:12"
834,53,"User: bilalsuperadmin updated Training 15","17/12/17 17:54:20"
835,53,"User: bilalsuperadmin updated Training 15","17/12/17 17:54:55"
836,53,"User: bilalsuperadmin updated Training 15","17/12/17 17:55:31"
837,53,"User: bilalsuperadmin logged in.","17/12/17 18:03:38"
838,53,"User: bilalsuperadmin logged in.","17/12/17 18:08:12"
839,53,"User: bilalsuperadmin logged in.","17/12/17 19:05:31"
840,53,"User: bilalsuperadmin logged in.","17/12/17 22:08:46"
841,53,"User: bilalsuperadmin logged in.","17/12/17 22:14:35"
842,53,"User: bilalsuperadmin logged in.","17/12/17 22:26:08"
843,53,"User: bilalsuperadmin logged in.","17/12/17 22:44:28"
844,53,"User: bilalsuperadmin logged in.","17/12/17 22:53:17"
845,53,"User: bilalsuperadmin logged in.","17/12/17 23:12:23"
846,53,"User: bilalsuperadmin logged in.","17/12/17 23:32:58"
847,53,"User: bilalsuperadmin logged in.","18/12/17 08:16:25"
848,53,"User: bilalsuperadmin logged in.","18/12/17 08:20:05"
849,53,"User: bilalsuperadmin logged in.","18/12/17 08:22:18"
850,53,"User: bilalsuperadmin logged in.","18/12/17 08:22:52"
851,53,"User: bilalsuperadmin logged in.","18/12/17 08:24:01"
852,53,"User: bilalsuperadmin logged in.","18/12/17 09:22:45"
853,53,"User: bilalsuperadmin logged in.","18/12/17 09:40:20"
854,53,"User: bilalsuperadmin logged in.","18/12/17 09:41:31"
855,53,"User: bilalsuperadmin logged in.","18/12/17 09:42:41"
856,53,"User: bilalsuperadmin logged in.","18/12/17 09:45:44"
857,53,"User: bilalsuperadmin logged in.","18/12/17 09:46:46"
858,53,"User: bilalsuperadmin logged in.","18/12/17 09:47:44"
859,53,"User: bilalsuperadmin logged in.","18/12/17 09:51:02"
860,53,"User: bilalsuperadmin logged in.","18/12/17 09:51:56"
861,53,"User: bilalsuperadmin logged in.","18/12/17 09:52:18"
862,53,"User: bilalsuperadmin logged in.","18/12/17 09:53:16"
863,53,"User: bilalsuperadmin logged in.","18/12/17 10:00:36"
864,53,"User: bilalsuperadmin logged in.","18/12/17 10:03:02"
865,53,"User: bilalsuperadmin updated Training 16","18/12/17 10:03:25"
866,53,"User: bilalsuperadmin logged in.","18/12/17 10:03:40"
867,53,"User: bilalsuperadmin logged in.","18/12/17 10:06:12"
868,53,"User: bilalsuperadmin logged in.","18/12/17 10:06:54"
869,53,"User: bilalsuperadmin logged in.","18/12/17 10:10:59"
870,53,"User: bilalsuperadmin logged in.","18/12/17 10:15:33"
871,53,"User: bilalsuperadmin updated Training 22","18/12/17 10:15:56"
872,53,"User: bilalsuperadmin logged in.","18/12/17 10:24:06"
873,53,"User: bilalsuperadmin logged in.","18/12/17 10:26:56"
874,53,"User: bilalsuperadmin updated Training 15","18/12/17 10:27:26"
875,53,"User: bilalsuperadmin logged in.","18/12/17 10:28:41"
876,53,"User: bilalsuperadmin logged in.","18/12/17 10:29:48"
877,53,"User: bilalsuperadmin updated Training 15","18/12/17 10:30:16"
878,53,"User: bilalsuperadmin logged in.","18/12/17 10:33:46"
879,53,"User: bilalsuperadmin logged in.","18/12/17 10:34:11"
880,53,"User: bilalsuperadmin logged in.","18/12/17 10:34:46"
881,53,"User: bilalsuperadmin logged in.","18/12/17 10:36:29"
882,53,"User: bilalsuperadmin logged in.","18/12/17 10:39:07"
883,53,"User: bilalsuperadmin created Training QFDLQJSDFLQSDLFQS","18/12/17 10:40:08"
884,53,"User: bilalsuperadmin logged in.","18/12/17 10:41:56"
885,53,"User: bilalsuperadmin logged in.","18/12/17 10:44:39"
886,53,"User: bilalsuperadmin updated Training 114","18/12/17 10:45:10"
887,53,"User: bilalsuperadmin logged in.","18/12/17 10:46:30"
888,53,"User: bilalsuperadmin logged in.","18/12/17 10:52:53"
889,53,"User: bilalsuperadmin updated Training 16","18/12/17 10:53:22"
890,53,"User: bilalsuperadmin logged in.","18/12/17 10:55:29"
891,53,"User: bilalsuperadmin updated Training 16","18/12/17 10:56:18"
892,53,"User: bilalsuperadmin updated Training 16","18/12/17 10:56:35"
893,53,"User: bilalsuperadmin logged in.","18/12/17 10:59:39"
894,53,"User: bilalsuperadmin updated Training 16","18/12/17 10:59:59"
895,53,"User: bilalsuperadmin logged in.","18/12/17 11:03:32"
896,53,"User: bilalsuperadmin logged in.","18/12/17 11:05:10"
897,53,"User: bilalsuperadmin updated Training 15","18/12/17 11:05:20"
898,53,"User: bilalsuperadmin updated Training 15","18/12/17 11:07:24"
899,53,"User: bilalsuperadmin logged in.","18/12/17 11:10:06"
900,53,"User: bilalsuperadmin created Training FFFFFFFFFF","18/12/17 11:11:59"
901,53,"User: bilalsuperadmin logged in.","18/12/17 11:21:59"
902,53,"User: bilalsuperadmin updated Training 115","18/12/17 11:22:10"
903,53,"User: bilalsuperadmin logged in.","18/12/17 11:31:58"
904,53,"User: bilalsuperadmin logged in.","18/12/17 11:33:50"
905,53,"User: bilalsuperadmin logged in.","18/12/17 11:38:13"
906,53,"User: bilalsuperadmin updated Training 115","18/12/17 11:38:22"
907,53,"User: bilalsuperadmin logged in.","18/12/17 11:39:19"
908,53,"User: bilalsuperadmin logged in.","18/12/17 11:41:27"
909,53,"User: bilalsuperadmin updated Training 115","18/12/17 11:41:37"
910,53,"User: bilalsuperadmin logged in.","18/12/17 11:44:32"
911,53,"User: bilalsuperadmin logged in.","18/12/17 11:46:37"
912,53,"User: bilalsuperadmin updated Training 115","18/12/17 11:46:48"
913,53,"User: bilalsuperadmin logged in.","18/12/17 11:48:06"
914,53,"User: bilalsuperadmin updated Training 115","18/12/17 11:48:25"
915,53,"User: bilalsuperadmin logged in.","18/12/17 11:49:13"
916,53,"User: bilalsuperadmin updated Training 115","18/12/17 11:49:24"
917,53,"User: bilalsuperadmin logged in.","18/12/17 11:50:07"
918,53,"User: bilalsuperadmin logged in.","18/12/17 11:51:24"
919,53,"User: bilalsuperadmin updated Training 115","18/12/17 11:51:45"
920,53,"User: bilalsuperadmin logged in.","18/12/17 11:53:46"
921,53,"User: bilalsuperadmin logged in.","18/12/17 11:57:44"
922,53,"User: bilalsuperadmin logged in.","18/12/17 11:57:48"
923,53,"User: bilalsuperadmin updated Training 115","18/12/17 11:58:05"
924,53,"User: bilalsuperadmin logged in.","18/12/17 11:58:31"
925,53,"User: bilalsuperadmin logged in.","18/12/17 12:01:02"
926,53,"User: bilalsuperadmin logged in.","18/12/17 12:02:47"
927,53,"User: bilalsuperadmin updated Training 16","18/12/17 12:02:59"
928,53,"User: bilalsuperadmin logged in.","18/12/17 12:04:44"
929,53,"User: bilalsuperadmin updated Training 115","18/12/17 12:04:55"
930,53,"User: bilalsuperadmin logged in.","18/12/17 12:06:17"
931,53,"User: bilalsuperadmin logged in.","18/12/17 12:11:11"
932,53,"User: bilalsuperadmin logged in.","18/12/17 12:14:03"
933,53,"User: bilalsuperadmin logged in.","18/12/17 12:15:29"
934,53,"User: bilalsuperadmin logged in.","18/12/17 12:19:05"
935,53,"User: bilalsuperadmin logged in.","18/12/17 12:19:37"
936,53,"User: bilalsuperadmin logged in.","18/12/17 12:21:14"
937,53,"User: bilalsuperadmin logged in.","18/12/17 12:21:35"
938,53,"User: bilalsuperadmin logged in.","18/12/17 12:22:37"
939,53,"User: bilalsuperadmin logged in.","18/12/17 12:23:04"
940,53,"User: bilalsuperadmin logged in.","18/12/17 12:29:24"
941,53,"User: bilalsuperadmin logged in.","18/12/17 12:46:49"
942,53,"User: bilalsuperadmin logged in.","18/12/17 12:49:19"
943,53,"User: bilalsuperadmin logged in.","18/12/17 13:10:20"
944,53,"User: bilalsuperadmin uploaded certificate: C:\Users\User\Pictures\logo.png to server ","18/12/17 13:11:27"
945,53,"User: bilalsuperadmin logged in.","18/12/17 13:14:25"
946,53,"User: bilalsuperadmin logged in.","18/12/17 14:04:30"
947,53,"User: bilalsuperadmin logged in.","18/12/17 14:26:03"
948,53,"User: bilalsuperadmin logged in.","18/12/17 14:49:16"
949,53,"User: bilalsuperadmin logged in.","18/12/17 15:21:58"
950,53,"User: bilalsuperadmin logged in.","18/12/17 15:25:11"
951,53,"User: bilalsuperadmin logged in.","18/12/17 15:37:02"
952,53,"User: bilalsuperadmin logged in.","18/12/17 16:43:40"
953,53,"User: bilalsuperadmin logged in.","19/12/17 04:30:43"
954,53,"User: bilalsuperadmin updated Training 16","19/12/17 04:31:48"
955,53,"User: bilalsuperadmin logged in.","19/12/17 04:41:28"
956,53,"Options has been changed by user: bilalsuperadmin","19/12/17 04:41:35"
957,53,"Options has been changed by user: bilalsuperadmin","19/12/17 04:41:38"
958,53,"Options has been changed by user: bilalsuperadmin","19/12/17 04:41:48"
959,53,"User: bilalsuperadmin logged in.","19/12/17 04:44:05"
960,53,"User: bilalsuperadmin logged in.","19/12/17 04:45:07"
961,53,"User: bilalsuperadmin logged in.","19/12/17 04:46:13"
962,53,"User: bilalsuperadmin logged in.","19/12/17 04:48:27"
963,53,"User: bilalsuperadmin logged in.","19/12/17 04:49:19"
964,53,"User: bilalsuperadmin logged in.","19/12/17 04:51:12"
965,53,"User: bilalsuperadmin logged in.","19/12/17 04:51:59"
966,53,"User: bilalsuperadmin logged in.","19/12/17 04:52:38"
967,53,"User: bilalsuperadmin logged in.","19/12/17 04:54:02"
968,53,"User: bilalsuperadmin logged in.","19/12/17 04:58:56"
969,53,"User: bilalsuperadmin logged in.","19/12/17 05:02:35"
970,53,"User: bilalsuperadmin logged in.","19/12/17 05:07:06"
971,53,"Options has been changed by user: bilalsuperadmin","19/12/17 05:07:10"
972,53,"Options has been changed by user: bilalsuperadmin","19/12/17 05:07:14"
973,53,"User: bilalsuperadmin logged in.","19/12/17 09:38:25"
974,53,"User: bilalsuperadmin logged in.","19/12/17 09:39:43"
975,53,"User: bilalsuperadmin logged in.","19/12/17 09:39:56"
976,53,"User: bilalsuperadmin logged in.","19/12/17 09:41:52"
977,53,"User: bilalsuperadmin logged in.","19/12/17 09:42:56"
978,53,"User: bilalsuperadmin logged in.","19/12/17 09:45:17"
979,53,"User: bilalsuperadmin logged in.","19/12/17 09:45:28"
980,53,"User: bilalsuperadmin logged in.","19/12/17 09:46:57"
981,53,"User: bilalsuperadmin created user normuser","19/12/17 09:47:25"
982,100,"User: normuser logged in.","19/12/17 09:47:36"
983,53,"User: bilalsuperadmin logged in.","19/12/17 09:48:33"
984,100,"User: normuser logged in.","19/12/17 09:49:02"
985,53,"User: bilalsuperadmin logged in.","19/12/17 09:50:10"
986,53,"User: bilalsuperadmin logged in.","19/12/17 09:50:48"
987,53,"User: bilalsuperadmin logged in.","19/12/17 09:53:58"
988,53,"User: bilalsuperadmin removed user 23 from training 16","19/12/17 09:59:18"
989,53,"User: bilalsuperadmin Added user: 24 to training 16","19/12/17 09:59:22"
990,53,"User: bilalsuperadmin logged in.","19/12/17 10:02:10"
991,53,"User: bilalsuperadmin logged in.","19/12/17 10:02:36"
992,53,"User: bilalsuperadmin logged in.","19/12/17 10:03:09"
993,53,"User: bilalsuperadmin added question qefsrdtfg to survey1","19/12/17 10:03:16"
994,53,"User: bilalsuperadmin logged in.","19/12/17 10:04:01"
995,53,"User: bilalsuperadmin updated question hbjk","19/12/17 10:04:23"
996,53,"User: bilalsuperadmin logged in.","19/12/17 10:05:15"
997,53,"User: bilalsuperadminadded survey 17","19/12/17 10:05:22"
998,53,"User: bilalsuperadminadded survey 18","19/12/17 10:05:31"
999,53,"User: bilalsuperadmin added question vhbn,; to survey17","19/12/17 10:05:37"
1000,53,"User: bilalsuperadminadded survey 20","19/12/17 10:06:00"
1001,53,"User: bilalsuperadmin logged in.","19/12/17 10:09:22"
1002,53,"Options has been changed by user: bilalsuperadmin","19/12/17 10:10:30"
1003,53,"User: bilalsuperadmin logged in.","19/12/17 10:10:52"
1004,53,"User: bilalsuperadmin logged in.","19/12/17 10:11:36"
1005,53,"User: bilalsuperadmin logged in.","19/12/17 10:12:32"
1006,53,"User: bilalsuperadmin logged in.","19/12/17 10:13:34"
1007,53,"User: bilalsuperadmin logged in.","19/12/17 10:14:04"
1008,53,"User: bilalsuperadmin logged in.","19/12/17 10:14:59"
1009,53,"User: bilalsuperadmin logged in.","19/12/17 10:16:01"
1010,53,"User: bilalsuperadmin logged in.","19/12/17 10:16:04"
1011,53,"User: bilalsuperadmin deleted question this is a test3","19/12/17 10:16:14"
1012,53,"User: bilalsuperadmin deleted question yolo","19/12/17 10:16:17"
1013,53,"User: bilalsuperadmin deleted question hi my name is bilal","19/12/17 10:16:19"
1014,53,"User: bilalsuperadmin deleted question Was het eten lekker in het restaurant?","19/12/17 10:16:21"
1015,53,"User: bilalsuperadmin deleted question Was het diner lekker?","19/12/17 10:16:23"
1016,53,"User: bilalsuperadmin deleted question qefsrdtfg","19/12/17 10:16:24"
1017,53,"User: bilalsuperadmin deleted question nieuwe vraag","19/12/17 10:16:30"
1018,53,"User: bilalsuperadmin deleted question ijoi","19/12/17 10:16:33"
1019,53,"User: bilalsuperadmin deleted question j'aime la vie","19/12/17 10:16:35"
1020,53,"User: bilalsuperadmin updated question dfcgbhnjk,l;m","19/12/17 10:16:48"
1021,53,"User: bilalsuperadmin logged in.","19/12/17 10:17:15"
1022,53,"User: bilalsuperadmin logged in.","19/12/17 10:19:31"
1023,53,"User: bilalsuperadmin logged in.","19/12/17 10:19:59"
1024,53,"User: bilalsuperadmin logged in.","19/12/17 10:23:24"
1025,53,"User: bilalsuperadmin logged in.","19/12/17 10:23:58"
1026,53,"User: bilalsuperadmin logged in.","19/12/17 10:26:12"
1027,53,"User: bilalsuperadmin logged in.","19/12/17 10:29:23"
1028,53,"User: bilalsuperadmin logged in.","19/12/17 10:30:30"
1029,53,"User: bilalsuperadmin logged in.","19/12/17 10:33:47"
1030,53,"User: bilalsuperadmin logged in.","19/12/17 10:35:15"
1031,53,"User: bilalsuperadmin logged in.","19/12/17 10:35:30"
1032,53,"User: bilalsuperadmin logged in.","19/12/17 10:38:44"
1033,53,"User: bilalsuperadmin logged in.","19/12/17 10:41:36"
1034,53,"User: bilalsuperadmin logged in.","19/12/17 10:49:58"
1035,53,"User: bilalsuperadmin logged in.","19/12/17 10:55:01"
1036,53,"User: bilalsuperadmin logged in.","19/12/17 10:58:06"
1037,53,"User: bilalsuperadmin logged in.","19/12/17 10:59:27"
1038,53,"User: bilalsuperadmin logged in.","19/12/17 11:00:23"
1039,53,"User: bilalsuperadmin logged in.","19/12/17 11:04:56"
1040,53,"User: bilalsuperadmin logged in.","19/12/17 11:06:30"
1041,53,"User: bilalsuperadmin logged in.","19/12/17 11:09:20"
1042,53,"User: bilalsuperadmin logged in.","19/12/17 11:10:41"
1043,53,"User: bilalsuperadmin logged in.","19/12/17 11:20:40"
1044,53,"User: bilalsuperadmin logged in.","19/12/17 11:22:36"
1045,53,"User: bilalsuperadmin logged in.","19/12/17 11:25:09"
1046,53,"User: bilalsuperadmin created new Training & Book link.","19/12/17 11:26:03"
1047,53,"User: bilalsuperadmin created new Training & Book link.","19/12/17 11:26:05"
1048,53,"User: bilalsuperadmin logged in.","19/12/17 11:35:06"
1049,53,"User: bilalsuperadmin logged in.","19/12/17 11:35:50"
1050,53,"User: bilalsuperadmin created new Training & Book link.","19/12/17 11:36:53"
1051,53,"User: bilalsuperadmin logged in.","19/12/17 11:40:44"
1052,53,"User: bilalsuperadmin logged in.","19/12/17 11:48:51"
1053,53,"User: bilalsuperadmin logged in.","19/12/17 11:58:59"
1054,53,"User: bilalsuperadmin logged in.","19/12/17 12:00:37"
1055,53,"User: bilalsuperadmin logged in.","19/12/17 12:05:55"
1056,53,"User: bilalsuperadmin logged in.","19/12/17 12:08:15"
1057,53,"User: bilalsuperadmin logged in.","19/12/17 12:12:21"
1058,53,"User: bilalsuperadmin Added user: 24 to training 22","19/12/17 12:12:31"
1059,53,"User: bilalsuperadmin logged in.","19/12/17 12:15:59"
1060,53,"User: bilalsuperadmin logged in.","19/12/17 12:16:42"
1061,53,"User: bilalsuperadmin Added user: 28 to training 16","19/12/17 12:17:26"
1062,53,"User: bilalsuperadmin uploaded certificate: C:\Users\User\Pictures\loulou.jpg to server ","19/12/17 12:18:33"
1063,53,"User: bilalsuperadmin logged in.","19/12/17 12:19:56"
1064,53,"User: bilalsuperadmin logged in.","19/12/17 12:22:40"
1065,53,"User: bilalsuperadmin logged in.","19/12/17 12:25:34"
1066,53,"User: bilalsuperadmin logged in.","19/12/17 12:33:11"
1067,53,"User: bilalsuperadmin logged in.","19/12/17 13:08:34"
1068,53,"User: bilalsuperadmin logged in.","19/12/17 13:38:21"
1069,53,"User: bilalsuperadmin logged in.","19/12/17 14:54:27"
1070,53,"User: bilalsuperadmin logged in.","19/12/17 15:09:08"
1071,53,"User: bilalsuperadmin logged in.","19/12/17 15:09:36"
1072,53,"User: bilalsuperadmin logged in.","19/12/17 15:11:00"
1073,53,"User: bilalsuperadmin logged in.","19/12/17 15:11:32"
1074,53,"User: bilalsuperadmin logged in.","19/12/17 15:13:32"
1075,53,"User: bilalsuperadmin logged in.","19/12/17 15:16:31"
1076,53,"User: bilalsuperadmin logged in.","19/12/17 15:17:17"
1077,53,"User: bilalsuperadmin logged in.","19/12/17 15:20:28"
1078,53,"User: bilalsuperadmin logged in.","19/12/17 15:21:08"
1079,53,"User: bilalsuperadmin logged in.","19/12/17 15:26:57"
1080,53,"User: bilalsuperadmin logged in.","19/12/17 15:28:24"
1081,53,"User: bilalsuperadmin logged in.","19/12/17 15:31:46"
1082,53,"User: bilalsuperadmin logged in.","19/12/17 15:45:42"
1083,53,"User: bilalsuperadmin logged in.","19/12/17 15:49:09"
1084,53,"User: bilalsuperadmin logged in.","19/12/17 15:50:21"
1085,53,"User: bilalsuperadmin logged in.","19/12/17 16:30:41"
1086,53,"User: bilalsuperadmin logged in.","20/12/17 12:38:50"
1087,53,"User: bilalsuperadmin updated Training 15","20/12/17 12:39:10"
1088,53,"User: bilalsuperadmin logged in.","20/12/17 12:41:06"
1089,53,"User: bilalsuperadmin logged in.","20/12/17 13:15:19"
1090,53,"User: bilalsuperadmin logged in.","20/12/17 13:16:03"
1091,53,"User: bilalsuperadmin logged in.","20/12/17 13:16:29"
1092,53,"User: bilalsuperadmin logged in.","20/12/17 13:19:17"
1093,53,"User: bilalsuperadmin deleted question dfcgbhnjk,l;m","20/12/17 13:19:22"
1094,53,"User: bilalsuperadmin deleted question this is a test2","20/12/17 13:19:30"
1095,53,"User: bilalsuperadmin deleted question this is a test2","20/12/17 13:19:34"
1096,53,"User: bilalsuperadmin deleted question this is a test2","20/12/17 13:19:42"
1097,53,"User: bilalsuperadmin deleted question hi","20/12/17 13:19:50"
1098,53,"User: bilalsuperadmin deleted question hbjk","20/12/17 13:19:54"
1099,53,"User: bilalsuperadmin deleted question vhbn,;","20/12/17 13:20:00"
1100,53,"User: bilalsuperadmin deleted question blabla","20/12/17 13:21:25"
1101,53,"User: bilalsuperadmin deleted question Was het eten lekker in het restaurant tijdens de avond?","20/12/17 13:21:28"
1102,53,"User: bilalsuperadmin deleted question this is a test2","20/12/17 13:21:42"
1103,53,"User: bilalsuperadmin deleted question this is a test2","20/12/17 13:22:30"
1104,53,"User: bilalsuperadmin logged in.","20/12/17 13:23:13"
1105,53,"User: bilalsuperadmin added question test21 to survey20","20/12/17 13:23:27"
1106,53,"User: bilalsuperadminadded survey 13","20/12/17 13:23:37"
1107,53,"User: bilalsuperadminadded survey 14","20/12/17 13:23:53"
1108,53,"User: bilalsuperadmin logged in.","20/12/17 13:24:39"
1109,53,"User: bilalsuperadminadded survey 15","20/12/17 13:24:53"
1110,53,"User: bilalsuperadmin logged in.","20/12/17 13:26:31"
1111,53,"User: bilalsuperadmin added question added question to survey13","20/12/17 13:26:42"
1112,53,"User: bilalsuperadmin added question added again to survey13","20/12/17 13:26:59"
1113,53,"User: bilalsuperadmin logged in.","20/12/17 13:28:02"
1114,53,"User: bilalsuperadminadded survey 19","20/12/17 13:28:11"
1115,53,"User: bilalsuperadmin deleted question  nb,kl;m","20/12/17 13:28:23"
1116,53,"User: bilalsuperadmin added question heya to survey20","20/12/17 13:28:31"
1117,53,"User: bilalsuperadminadded survey 21","20/12/17 13:28:57"
1118,53,"User: bilalsuperadminadded survey 22","20/12/17 13:29:07"
1119,53,"User: bilalsuperadmin deleted question Dadju","20/12/17 13:29:16"
1120,53,"User: bilalsuperadmin deleted question Dadju","20/12/17 13:29:20"
1121,53,"User: bilalsuperadmin deleted question Dadju","20/12/17 13:29:27"
1122,53,"User: bilalsuperadmin logged in.","20/12/17 13:54:41"
1123,53,"User: bilalsuperadmin logged in.","20/12/17 14:03:30"
1124,53,"User: bilalsuperadmin logged in.","20/12/17 14:04:34"
1125,53,"User: bilalsuperadmin logged in.","20/12/17 14:05:22"
1126,53,"User: bilalsuperadmin deleted question hhihihi","20/12/17 14:05:28"
1127,53,"User: bilalsuperadmin logged in.","20/12/17 14:06:18"
1128,53,"User: bilalsuperadmin logged in.","20/12/17 14:07:00"
1129,53,"User: bilalsuperadmin deleted question this is a test2","20/12/17 14:07:05"
1130,53,"User: bilalsuperadmin deleted question hi","20/12/17 14:07:10"
1131,53,"User: bilalsuperadmin logged in.","20/12/17 14:07:49"
1132,53,"User: bilalsuperadmin logged in.","20/12/17 14:08:20"
1133,53,"User: bilalsuperadmin logged in.","20/12/17 14:10:01"
1134,53,"User: bilalsuperadmin updated question jezofijapozf","20/12/17 14:10:09"
1135,53,"User: bilalsuperadmin deleted question added question","20/12/17 14:10:15"
1136,53,"User: bilalsuperadminadded survey 23","20/12/17 14:10:23"
1137,53,"User: bilalsuperadmin deleted question yolo","20/12/17 14:10:29"
1138,53,"User: bilalsuperadmin added question testagain to survey22","20/12/17 14:10:37"
1139,53,"User: bilalsuperadmin deleted question  nb,kl;m","20/12/17 14:10:50"
1140,53,"User: bilalsuperadmin logged in.","20/12/17 14:13:59"
1141,100,"User: normuser logged in.","20/12/17 14:18:18"
1142,53,"User: bilalsuperadmin logged in.","20/12/17 14:19:39"
1143,53,"User: bilalsuperadmin logged in.","20/12/17 14:45:59"
1144,53,"User: bilalsuperadmin logged in.","20/12/17 14:46:37"
1145,53,"User: bilalsuperadmin logged in.","20/12/17 14:49:20"
1146,53,"User: bilalsuperadmin logged in.","20/12/17 14:49:51"
1147,100,"User: normuser logged in.","20/12/17 14:50:03"
1148,53,"User: bilalsuperadmin logged in.","20/12/17 14:52:50"
1149,53,"User: bilalsuperadmin Added user: 24 to training 15","20/12/17 14:53:51"
1150,53,"User: bilalsuperadmin removed user 27 from training 15","20/12/17 14:53:54"
1151,53,"Options has been changed by user: bilalsuperadmin","20/12/17 14:55:30"
1152,53,"Options has been changed by user: bilalsuperadmin","20/12/17 14:55:35"
1153,53,"Options has been changed by user: bilalsuperadmin","20/12/17 14:55:50"
1154,53,"Options has been changed by user: bilalsuperadmin","20/12/17 14:57:20"
1155,53,"User: bilalsuperadmin logged in.","20/12/17 15:02:48"
1156,53,"User: bilalsuperadmin logged in.","20/12/17 15:03:53"
1157,53,"User: bilalsuperadmin logged in.","20/12/17 15:08:28"
1158,53,"User: bilalsuperadmin logged in.","20/12/17 15:09:04"
1159,53,"User: bilalsuperadmin logged in.","20/12/17 15:13:08"
1160,53,"User: bilalsuperadmin logged in.","20/12/17 15:19:09"
1161,53,"User: bilalsuperadmin logged in.","20/12/17 15:23:27"
1162,53,"User: bilalsuperadmin logged in.","20/12/17 15:24:39"
1163,53,"User: bilalsuperadmin logged in.","20/12/17 15:25:31"
1164,53,"User: bilalsuperadmin logged in.","20/12/17 15:25:54"
1165,53,"User: bilalsuperadmin logged in.","20/12/17 15:27:32"
1166,53,"User: bilalsuperadmin logged in.","20/12/17 15:54:44"
1167,53,"User: bilalsuperadmin logged in.","20/12/17 15:55:26"
1168,53,"User: bilalsuperadmin logged in.","20/12/17 17:57:19"
1169,53,"User: bilalsuperadmin logged in.","20/12/17 18:03:13"
1170,53,"User: bilalsuperadmin logged in.","20/12/17 18:15:22"
1171,53,"User: bilalsuperadmin logged in.","20/12/17 18:17:07"
1172,53,"User: bilalsuperadmin logged in.","20/12/17 18:18:41"
1173,53,"User: bilalsuperadmin logged in.","20/12/17 18:19:36"
1174,53,"User: bilalsuperadmin logged in.","20/12/17 18:20:40"
1175,53,"User: bilalsuperadmin logged in.","20/12/17 18:22:26"
1176,53,"User: bilalsuperadmin uploaded certificate: C:\Users\User\Pictures\logo.png to server ","20/12/17 18:23:08"
1177,53,"Logo has been changed by user:bilalsuperadmin","20/12/17 18:23:10"
1178,53,"User: bilalsuperadmin uploaded certificate: C:\Users\User\Pictures\logo.png to server ","20/12/17 18:25:18"
1179,53,"Logo has been changed by user:bilalsuperadmin","20/12/17 18:25:29"
1180,53,"User: bilalsuperadmin logged in.","20/12/17 18:25:43"
1181,53,"User: bilalsuperadmin uploaded certificate: C:\Users\User\Pictures\logo.png to server ","20/12/17 18:28:38"
1182,53,"Logo has been changed by user:bilalsuperadmin","20/12/17 18:28:48"
1183,53,"Options has been changed by user: bilalsuperadmin","20/12/17 18:28:55"
1184,53,"User: bilalsuperadmin logged in.","20/12/17 18:29:12"
1185,53,"Options has been changed by user: bilalsuperadmin","20/12/17 18:29:18"
1186,53,"User: bilalsuperadmin logged in.","20/12/17 18:29:55"
1187,53,"User: bilalsuperadmin logged in.","20/12/17 18:31:40"
1188,53,"User: bilalsuperadmin updated userid 53","20/12/17 18:33:14"
1189,53,"User: bilalsuperadmin updated userid 53","20/12/17 18:33:20"
1190,100,"User: normuser logged in.","20/12/17 18:40:07"
1191,100,"User: normuser created user bilalsuperadmin","20/12/17 18:40:17"
1192,101,"User: bilalsuperadmin logged in.","20/12/17 18:41:13"
1193,101,"User: bilalsuperadmin logged in.","20/12/17 18:42:45"
1194,101,"User: bilalsuperadmin logged in.","20/12/17 18:43:23"
1195,101,"User: bilalsuperadmin logged in.","20/12/17 18:44:01"
1196,101,"User: bilalsuperadmin logged in.","20/12/17 18:54:36"
1197,101,"User: bilalsuperadmin updated userid 32","20/12/17 18:55:05"
1198,101,"User: bilalsuperadmin logged in.","20/12/17 18:56:05"
1199,101,"User: bilalsuperadmin updated userid 32","20/12/17 18:56:22"
1200,101,"User: bilalsuperadmin updated userid 101","20/12/17 18:56:35"
1201,101,"Options has been changed by user: bilalsuperadmin","20/12/17 18:57:18"
1202,101,"Options has been changed by user: bilalsuperadmin","20/12/17 18:57:22"
1203,101,"User: bilalsuperadmin logged in.","21/12/17 11:59:24"
1204,101,"User: bilalsuperadmin deleted question jezofijapozf","21/12/17 11:59:39"
1205,101,"User: bilalsuperadmin added question testagainagain to survey22","21/12/17 12:00:03"
1206,101,"User: bilalsuperadmin logged in.","21/12/17 12:03:43"
1207,101,"User: bilalsuperadmin logged in.","21/12/17 12:08:28"
1208,101,"User: bilalsuperadmin logged in.","21/12/17 13:12:06"
1209,101,"User: bilalsuperadmin logged in.","21/12/17 13:14:10"
1210,101,"User: bilalsuperadmin logged in.","21/12/17 13:17:19"
1211,101,"User: bilalsuperadmin updated userid 32","21/12/17 13:17:26"
1212,101,"User: bilalsuperadmin updated userid 32","21/12/17 13:17:36"
1213,101,"User: bilalsuperadmin updated userid 32","21/12/17 13:17:42"
1214,101,"User: bilalsuperadmin logged in.","21/12/17 13:18:08"
1215,101,"User: bilalsuperadmin logged in.","21/12/17 13:24:17"
1216,101,"User: bilalsuperadmin logged in.","21/12/17 13:31:03"
1217,101,"User: bilalsuperadmin updated userid 33","21/12/17 13:31:16"
1218,101,"User: bilalsuperadmin updated userid 33","21/12/17 13:31:23"
1219,101,"User: bilalsuperadmin logged in.","21/12/17 14:06:02"
1220,101,"User: bilalsuperadminadded survey 26","21/12/17 14:06:45"
1221,101,"User: bilalsuperadminadded survey 27","21/12/17 14:08:39"
1222,101,"User: bilalsuperadmin added question GEEN SURVEY to survey12","21/12/17 14:10:51"
1223,101,"User: bilalsuperadmin logged in.","21/12/17 15:32:39"
1224,101,"User: bilalsuperadmin logged in.","21/12/17 16:30:03"
1225,101,"User: bilalsuperadmin deleted training 117","21/12/17 16:30:27"
1226,101,"User: bilalsuperadmin deleted training 118","21/12/17 16:30:29"
1227,101,"User: bilalsuperadmin deleted training 116","21/12/17 16:30:33"
1228,101,"User: bilalsuperadmin logged in.","21/12/17 16:52:48"
1229,101,"User: bilalsuperadmin logged in.","21/12/17 17:06:14"
1230,101,"User: bilalsuperadmin uploaded certificate: C:\Users\User\Pictures\password.png to server ","21/12/17 17:08:41"
1231,101,"User: bilalsuperadmin logged in.","21/12/17 17:10:23"
1232,101,"User: bilalsuperadmin updated Training 119","21/12/17 17:10:37"
1233,101,"User: bilalsuperadmin logged in.","21/12/17 18:18:26"
1234,101,"User: bilalsuperadmin logged in.","21/12/17 18:23:30"
1235,101,"User: bilalsuperadmin logged in.","21/12/17 18:24:50"
1236,101,"User: bilalsuperadmin logged in.","21/12/17 18:28:36"
1237,101,"User: bilalsuperadmin logged in.","21/12/17 18:31:43"
1238,101,"User: bilalsuperadmin logged in.","21/12/17 18:33:17"
1239,101,"User: bilalsuperadmin logged in.","21/12/17 18:37:21"
1240,101,"User: bilalsuperadmin logged in.","21/12/17 18:39:55"
1241,101,"User: bilalsuperadmin logged in.","21/12/17 18:40:59"
1242,101,"User: bilalsuperadmin logged in.","21/12/17 18:41:53"
1243,101,"User: bilalsuperadmin logged in.","21/12/17 18:45:00"
1244,101,"User: bilalsuperadmin logged in.","21/12/17 18:50:36"
1245,101,"User: bilalsuperadmin logged in.","21/12/17 18:53:16"
1246,101,"User: bilalsuperadmin logged in.","21/12/17 18:54:46"
1247,101,"User: bilalsuperadmin logged in.","21/12/17 18:55:22"
1248,101,"User: bilalsuperadmin logged in.","21/12/17 18:56:09"
1249,101,"User: bilalsuperadmin logged in.","21/12/17 18:57:03"
1250,101,"User: bilalsuperadmin logged in.","22/12/17 11:41:43"
1251,101,"User: bilalsuperadmin logged in.","23/12/17 07:19:32"
1252,101,"User: bilalsuperadmin logged in.","23/12/17 11:27:42"
1253,101,"User: bilalsuperadmin logged in.","23/12/17 11:53:50"
1254,101,"User: bilalsuperadmin logged in.","23/12/17 15:31:12"
1255,101,"User: bilalsuperadmin Added user: 60 to training 16","23/12/17 15:31:49"
1256,101,"User: bilalsuperadmin removed user 60 from training 16","23/12/17 15:31:53"
1257,101,"Options has been changed by user: bilalsuperadmin","23/12/17 15:32:27"
1258,101,"User: bilalsuperadmin logged in.","23/12/17 20:39:37"
1259,101,"User: bilalsuperadmin logged in.","23/12/17 20:39:40"
1260,101,"User: bilalsuperadmin logged in.","23/12/17 20:42:10"
1261,101,"User: bilalsuperadmin logged in.","23/12/17 20:42:27"
1262,101,"User: bilalsuperadmin logged in.","23/12/17 20:53:14"
1263,101,"User: bilalsuperadmin logged in.","23/12/17 20:55:15"
1264,101,"User: bilalsuperadmin logged in.","23/12/17 20:56:44"
1265,101,"User: bilalsuperadmin logged in.","23/12/17 20:58:58"
1266,101,"User: bilalsuperadmin logged in.","23/12/17 21:11:54"
1267,101,"User: bilalsuperadmin logged in.","23/12/17 21:33:09"
1268,101,"User: bilalsuperadmin logged in.","23/12/17 21:43:12"
1269,101,"User: bilalsuperadmin logged in.","23/12/17 22:09:39"
1270,101,"User: bilalsuperadmin Added user: 25 to training 15","23/12/17 22:11:04"
1271,101,"User: bilalsuperadmin removed user 29 from training 15","23/12/17 22:11:06"
1272,101,"User: bilalsuperadmin logged in.","23/12/17 22:12:25"
1273,101,"User: bilalsuperadmin logged in.","23/12/17 22:17:57"
1274,101,"User: bilalsuperadmin logged in.","23/12/17 22:20:21"
1275,101,"User: bilalsuperadmin logged in.","23/12/17 22:20:53"
1276,101,"User: bilalsuperadmin logged in.","23/12/17 22:24:10"
1277,101,"User: bilalsuperadmin logged in.","23/12/17 22:25:21"
1279,101,"User: bilalsuperadmin logged in.","23/12/17 22:29:29"
1280,101,"User: bilalsuperadmin logged in.","23/12/17 22:31:07"
1281,101,"User: bilalsuperadmin updated Training 16","23/12/17 22:31:34"
1282,101,"User: bilalsuperadmin logged in.","23/12/17 22:32:44"
1283,101,"User: bilalsuperadmin logged in.","23/12/17 22:33:42"
1284,101,"User: bilalsuperadmin logged in.","23/12/17 22:35:40"
1285,101,"User: bilalsuperadmin logged in.","23/12/17 22:37:26"
1286,101,"User: bilalsuperadmin logged in.","23/12/17 22:39:55"
1287,101,"User: bilalsuperadmin logged in.","23/12/17 22:40:38"
1288,101,"User: bilalsuperadmin logged in.","23/12/17 22:42:08"
1289,101,"User: bilalsuperadmin created Training testFinal","23/12/17 22:42:47"
1290,101,"User: bilalsuperadmin created new Training & Book link.","23/12/17 22:43:16"
1291,101,"User: bilalsuperadmin uploaded certificate: C:\Users\user\Pictures\cerberus.png to server ","23/12/17 22:44:08"
1292,101,"User: bilalsuperadmin logged in.","23/12/17 22:46:57"
1293,101,"User: bilalsuperadmin uploaded certificate: C:\Users\user\Pictures\gengi.png to server ","23/12/17 22:47:54"
1294,101,"User: bilalsuperadmin logged in.","23/12/17 22:48:51"
1295,101,"User: bilalsuperadmin logged in.","23/12/17 22:49:28"
1296,101,"User: bilalsuperadmin logged in.","23/12/17 22:51:15"
1297,101,"User: bilalsuperadmin logged in.","23/12/17 22:54:12"
1298,101,"User: bilalsuperadmin logged in.","23/12/17 22:55:04"
1299,101,"User: bilalsuperadmin Added user: 1 to training 120","23/12/17 22:55:38"
1300,101,"User: bilalsuperadmin Added user: 1 to training 106","23/12/17 22:56:38"
1301,101,"User: bilalsuperadmin logged in.","23/12/17 23:04:03"
1302,101,"User: bilalsuperadmin logged in.","23/12/17 23:05:41"
1303,101,"User: bilalsuperadmin uploaded certificate: C:\Users\user\Pictures\alucardo.jpg to server ","23/12/17 23:06:06"
1304,101,"User: bilalsuperadmin updated userid 99","23/12/17 23:06:52"
1305,101,"User: bilalsuperadmin added question heya to survey13","23/12/17 23:07:03"
1306,101,"User: bilalsuperadmin added question heyo to survey13","23/12/17 23:07:10"
1307,101,"User: bilalsuperadminadded survey 31","23/12/17 23:07:28"
1308,101,"User: bilalsuperadmin deleted question testagainagain","23/12/17 23:07:42"
1309,101,"User: bilalsuperadmin deleted question jajaj","23/12/17 23:07:44"
1310,101,"User: bilalsuperadmin deleted question GEEN SURVEY","23/12/17 23:07:47"
1311,101,"User: bilalsuperadmin updated question cvfcb","23/12/17 23:07:53"
1312,101,"User: bilalsuperadmin deleted question testagain","23/12/17 23:08:02"
1313,101,"User: bilalsuperadmin deleted question yolo","23/12/17 23:08:04"
1314,101,"Options has been changed by user: bilalsuperadmin","23/12/17 23:08:10"
1315,101,"Options has been changed by user: bilalsuperadmin","23/12/17 23:08:12"
1316,101,"User: bilalsuperadmin uploaded certificate: C:\Users\user\Pictures\logo.png to server ","23/12/17 23:08:59"
1317,101,"Logo has been changed by user:bilalsuperadmin","23/12/17 23:09:01"
1318,101,"User: bilalsuperadmin logged in.","23/12/17 23:09:22"
1319,101,"User: bilalsuperadmin logged in.","23/12/17 23:12:50"
1320,101,"User: bilalsuperadmin uploaded certificate: C:\Users\User\Pictures\logo.jpg to server ","23/12/17 23:13:42"
1321,101,"Logo has been changed by user:bilalsuperadmin","23/12/17 23:13:44"
1322,101,"User: bilalsuperadmin uploaded certificate: C:\Users\User\Pictures\logo.png to server ","23/12/17 23:13:52"
1323,101,"Logo has been changed by user:bilalsuperadmin","23/12/17 23:13:55"
1324,101,"User: bilalsuperadmin logged in.","23/12/17 23:14:25"
1325,101,"User: bilalsuperadmin logged in.","23/12/17 23:17:59"
1326,101,"User: bilalsuperadmin uploaded certificate: C:\Users\user\Pictures\logo.png to server ","23/12/17 23:18:12"
1327,101,"Logo has been changed by user:bilalsuperadmin","23/12/17 23:18:13"
1328,101,"User: bilalsuperadmin logged in.","23/12/17 23:18:49"
1329,101,"User: bilalsuperadmin uploaded certificate: C:\Users\user\Pictures\logo.png to server ","23/12/17 23:19:03"
1330,101,"Logo has been changed by user:bilalsuperadmin","23/12/17 23:19:04"
1331,101,"User: bilalsuperadmin logged in.","23/12/17 23:20:24"
1332,101,"User: bilalsuperadmin uploaded certificate: C:\Users\user\Pictures\logo.png to server ","23/12/17 23:20:52"
1333,101,"Logo has been changed by user:bilalsuperadmin","23/12/17 23:20:54"
1334,101,"User: bilalsuperadmin logged in.","23/12/17 23:21:03"
1335,101,"Options has been changed by user: bilalsuperadmin","23/12/17 23:21:34"
1336,101,"User: bilalsuperadmin logged in.","23/12/17 23:22:09"
1337,101,"User: bilalsuperadmin logged in.","23/12/17 23:47:22"
1338,101,"User: bilalsuperadmin logged in.","24/12/17 00:03:51"
1339,100,"User: normuser logged in.","24/12/17 00:04:11"
1340,100,"User: normuser logged in.","24/12/17 00:05:18"
1341,101,"User: bilalsuperadmin logged in.","24/12/17 00:05:35"
1342,101,"User: bilalsuperadmin logged in.","24/12/17 00:22:01"
