1,22,29,Seppe,Timesheets_groep_7.xlsx
6,7,24,6,Done_Todo.txt
7,32,28,"Seppe Test",rolverdeeling.txt
8,36,37,"Seppe test donderdag",UML5.0.png
9,7,37,"Seppe test png",uml_laatste_versie.png
10,56,34,"Seppe test op vrijdag",oefening1DTD.dtd
11,16,37,Masar,Oef7XPATH.xml
12,23,34,Seppe,maps.html
13,16,41,Seppe,cisco.png
14,40,29,"Seppe lol test",TODO.txt
15,40,29,"Seppe lol test2",TODO.txt
16,7,41,545,ERD7.png
17,7,41,dsd,"Afwezig 27-11.txt"
18,17,41,scottketchum,"proximus logo.JPG"
19,16,41,ronaldmundy,cisco.png
20,22,41,scottketchum,password.png
27,7,99,scottketchum,Gebruikers_overzicht+gebruiker_zoeken+gebruikers_menu.jpg
28,7,99,scottketchum,"DELETE FROM OPTIONS;"
29,7,99,Seppe,Werknemer_overzicht.jpg
30,76,99,Seppe,Werknemer_detail.jpg
31,17,99,Seppe,Training_zoeken+training_menu.jpg
32,16,53,clydeguessp,loulou.jpg
33,15,53,Seppe,"eren jäger.jpg"
34,109,99,Seppe,Locatie_training.jpg
35,117,99,testCase,lets-do-this-bu0f23.jpg
36,119,101,testCase,password.png
37,116,99,testCase,addTraining.fxml
38,17,101,Seppe,cerberus.png
39,17,101,Seppe,gengi.png
40,32,101,Seppe,alucardo.jpg
